time,funding_rate,premium
1770681600013,-8.4721e-06,-0.0005677766
1770685200012,-8.7943e-06,-0.0005703546
1770688800055,2.3052e-06,-0.0004815587
1770692400057,7.593e-07,-0.0004939258
1770696000071,-8.851e-07,-0.0005070808
1770699600024,3.4612e-06,-0.0004723102
1770703200028,-1.5858e-06,-0.0005126863
1770706800090,2.3358e-06,-0.0004813132
1770710400018,-2.0671e-06,-0.0005165367
1770714000041,-6.102e-07,-0.0005048818
1770717600028,3.0861e-06,-0.000475311
1770721200100,5.3797e-06,-0.0004569622
1770724800032,4.2948e-06,-0.0004656415
1770728400106,6.4047e-06,-0.0004487621
1770732000038,8.8389e-06,-0.0004292886
1770735600006,7.9829e-06,-0.000436137
1770739200009,1.10484e-05,-0.0004116129
1770742800070,1.25e-05,-0.0003466564
1770746400065,1.25e-05,-0.0003146895
1770750000015,9.9318e-06,-0.000420546
1770753600053,4.8965e-06,-0.0004608284
1770757200100,3.2795e-06,-0.0004737642
1770760800070,4.0221e-06,-0.0004678236
1770764400016,2.3661e-06,-0.0004810712
1770768000036,4.7743e-06,-0.0004618054
1770771600007,9.1847e-06,-0.0004265224
1770775200051,-2.49e-07,-0.0005019923
1770778800098,-7.525e-07,-0.0005060203
1770782400071,-9.684e-07,-0.0005077472
1770786000030,-2.7714e-06,-0.0005221711
1770789600005,1.3089e-06,-0.0004895286
1770793200062,-7.0252e-06,-0.0005562016
1770796800095,-1.5289e-06,-0.0005122309
1770800400114,2.3465e-06,-0.0004812283
1770804000048,3.2911e-06,-0.0004736711
1770807600086,4.2875e-06,-0.0004656999
1770811200022,1.25e-05,-0.0003553361
1770814800055,8.3496e-06,-0.0004332029
1770818400087,2.9384e-06,-0.000476493
1770822000012,1.04502e-05,-0.0004163985
1770825600074,8.094e-06,-0.0004352478
1770829200077,1.4779e-06,-0.0004881768
1770832800062,1.6581e-06,-0.0004867352
1770836400045,-2.0681e-06,-0.0005165451
1770840000051,-1.0441e-06,-0.0005083524
1770843600053,-4.923e-06,-0.0005393838
1770847200067,-5.4302e-06,-0.0005434416
1770850800087,-9.5824e-06,-0.000576659
1770854400006,-1.5481e-05,-0.0006238483
1770858000034,-1.75218e-05,-0.0006401741
1770861600037,-1.87874e-05,-0.0006502988
1770865200057,-1.50082e-05,-0.0006200658
1770868800004,-8.9305e-06,-0.0005714441
1770872400075,-1.19107e-05,-0.0005952856
1770876000077,-9.3717e-06,-0.0005749736
1770879600029,-9.6338e-06,-0.0005770704
1770883200036,-3.0226e-06,-0.0005241809
1770886800054,-2.5651e-06,-0.0005205208
1770890400022,-4.132e-06,-0.0005330558
1770894000008,-2.584e-07,-0.0005020674
1770897600064,8.819e-06,-0.0004294479
1770901200056,5.6285e-06,-0.0004549721
1770904800023,9.6142e-06,-0.0004230862
1770908400004,8.1054e-06,-0.0004351569
1770912000043,1.25e-05,-0.0003887752
1770915600026,1.25e-05,-0.0003410648
1770919200015,1.25e-05,-0.0003039333
1770922800053,1.25e-05,-0.000220825
1770926400037,1.25e-05,-0.0002464357
1770930000043,1.25e-05,-0.0003189577
1770933600010,1.25e-05,-0.0002070586
1770937200072,1.25e-05,-0.0002460849
1770940800092,1.25e-05,-0.0003218372
1770944400083,1.20995e-05,-0.0004032041
1770948000050,1.25e-05,-0.0003684535
1770951600009,5.2265e-06,-0.0004581882
1770955200087,2.046e-07,-0.0004983635
1770958800083,7.013e-07,-0.0004943895
1770962400070,1.8907e-06,-0.0004848745
1770966000056,-1.2146e-06,-0.0005097171
1770969600018,-3.4497e-06,-0.0005275976
1770973200087,3.0545e-06,-0.0004755637
1770976800004,1.2519e-06,-0.0004899847
1770980400117,2.7761e-06,-0.0004777909
1770984000059,2.131e-07,-0.0004982955
1770987600040,2.886e-07,-0.0004976911
1770991200092,6.013e-07,-0.0004951899
1770994800081,6.919e-06,-0.0004446478
1770998400038,1.25e-05,-0.0003915243
1771002000023,1.0115e-05,-0.0004190801
1771005600120,7.3524e-06,-0.000441181
1771009200063,1.25e-05,-0.0003958486
1771012800048,1.0865e-05,-0.0004130799
1771016400056,1.25e-05,-0.0003802801
1771020000018,1.25e-05,-0.000379657
1771023600072,1.25e-05,-0.0003514201
1771027200041,1.25e-05,-0.0003913195
1771030800085,1.25e-05,-0.0003954951
1771034400103,7.5308e-06,-0.0004397537
1771038000007,1.25e-05,-0.0003843916
1771041600098,1.25e-05,-0.0003730182
1771045200016,1.25e-05,-0.0003432753
1771048800103,1.25e-05,-0.0003942834
1771052400037,1.25e-05,-0.0003568576
1771056000001,1.25e-05,-0.0003404676
1771059600050,1.25e-05,-0.0003359454
1771063200086,1.25e-05,-0.0003940536
1771066800026,1.25e-05,-0.0003726436
1771070400125,1.25e-05,-0.0003167117
1771074000083,1.25e-05,-0.0003884079
1771077600055,6.4703e-06,-0.0004482376
1771081200081,1.25e-05,-0.0003994772
1771084800035,1.25e-05,-0.000325203
1771088400075,1.25e-05,-0.000346799
1771092000102,1.25e-05,-0.000351496
1771095600005,1.25e-05,-0.0003621981
1771099200071,1.25e-05,-0.0003968789
1771102800056,1.16681e-05,-0.0004066554
1771106400045,1.25e-05,-0.0003773217
1771110000022,1.25e-05,-0.0003774727
1771113600102,1.25e-05,-0.0003674736
1771117200052,8.8521e-06,-0.0004291829
1771120800088,7.7114e-06,-0.0004383089
1771124400093,4.3299e-06,-0.0004653608
1771128000058,1.25e-05,-0.0003622253
1771131600004,1.25e-05,-0.0002810635
1771135200027,1.25e-05,-0.0003246912
1771138800020,1.25e-05,-0.0003660094
1771142400027,1.25e-05,-0.0003906419
1771146000043,1.25e-05,-0.0003827749
1771149600001,9.5671e-06,-0.0004234636
1771153200015,1.00901e-05,-0.0004192791
1771156800014,1.25e-05,-0.0003990179
1771160400012,8.3914e-06,-0.0004328684
1771164000023,3.1641e-06,-0.0004746869
1771167600014,3.2833e-06,-0.0004737336
1771171200083,-3.5517e-06,-0.0005284134
1771174800027,3.0591e-06,-0.0004755268
1771178400006,8.8035e-06,-0.0004295721
1771182000023,9.3083e-06,-0.0004255332
1771185600060,1.25e-05,-0.0003547241
1771189200008,1.25e-05,-0.0003466549
1771192800058,1.25e-05,-0.0003214958
1771196400053,1.25e-05,-0.000326687
1771200000071,1.25e-05,-0.0003722518
1771203600023,1.25e-05,-0.0003644336
1771207200070,7.1976e-06,-0.0004424193
1771210800088,1.06883e-05,-0.0004144937
1771214400033,3.6622e-06,-0.0004707026
1771218000025,7.8763e-06,-0.0004369894
1771221600006,2.754e-06,-0.0004779684
1771225200043,6.8515e-06,-0.0004451881
1771228800025,1.01416e-05,-0.000418867
1771232400002,5.9846e-06,-0.0004521233
1771236000026,2.6715e-06,-0.0004786278
1771239600000,5.2887e-06,-0.0004576901
1771243200075,2.9843e-06,-0.0004761259
1771246800013,2.4751e-06,-0.0004801988
1771250400083,3.9743e-06,-0.0004682055
1771254000037,1.105e-06,-0.0004911603
1771257600099,3.6854e-06,-0.0004705168
1771261200019,4.4648e-06,-0.0004642814
1771264800138,-5.2042e-06,-0.0005416336
1771268400072,-4.076e-07,-0.0005032606
1771272000001,4.5058e-06,-0.0004639537
1771275600070,1.23127e-05,-0.0004014981
1771279200043,6.9964e-06,-0.0004440286
1771282800088,8.6635e-06,-0.0004306919
1771286400063,8.817e-06,-0.0004294637
1771290000070,1.02601e-05,-0.0004179188
1771293600032,4.519e-06,-0.0004638478
1771297200021,7.1753e-06,-0.0004425974
1771300800061,3.3437e-06,-0.0004732508
1771304400038,7.0648e-06,-0.0004434815
1771308000104,5.9076e-06,-0.0004527395
1771311600044,7.9845e-06,-0.0004361236
1771315200015,6.9525e-06,-0.0004443798
1771318800082,3.6649e-06,-0.0004706809
1771322400097,4.0877e-06,-0.0004672981
1771326000042,-2.2663e-06,-0.0005181302
1771329600044,-8.289e-07,-0.0005066314
1771333200044,2.1372e-06,-0.0004829023
1771336800063,4.4717e-06,-0.0004642263
1771340400062,6.6159e-06,-0.0004470726
1771344000071,1.18305e-05,-0.0004053561
1771347600038,1.0746e-05,-0.0004140317
1771351200030,1.25e-05,-0.0003421544
1771354800003,1.25e-05,-0.0002313348
1771358400062,1.25e-05,-0.0002700798
1771362000058,1.25e-05,-0.000245282
1771365600051,1.25e-05,-0.0002755294
1771369200070,1.25e-05,-0.0002723223
1771372800021,1.25e-05,-0.0002725033
1771376400085,1.25e-05,-0.000319858
1771380000067,1.25e-05,-0.0003360733
1771383600005,1.25e-05,-0.0002916188
1771387200016,1.25e-05,-0.0002614495
1771390800053,1.25e-05,-0.0002875187
1771394400013,1.25e-05,-0.0003974963
1771398000044,6.9158e-06,-0.0004446734
1771401600085,7.6073e-06,-0.0004391413
1771405200065,9.1486e-06,-0.0004268109
1771408800081,1.0137e-05,-0.0004189043
1771412400026,5.8722e-06,-0.0004530221
1771416000017,1.8573e-06,-0.000485142
1771419600034,9.9123e-06,-0.0004207017
1771423200046,1.05879e-05,-0.0004152968
1771426800043,1.25e-05,-0.0003562962
1771430400046,1.25e-05,-0.0002933153
1771434000010,1.25e-05,-0.0003278405
1771437600003,9.5019e-06,-0.0004239844
1771441200072,-1.03773e-05,-0.0005830184
1771444800039,-1.01341e-05,-0.0005810731
1771448400040,-6.462e-06,-0.0005516962
1771452000035,2.437e-06,-0.0004805042
1771455600022,1.8529e-06,-0.0004851765
1771459200054,2.5987e-06,-0.0004792107
1771462800073,4.2484e-06,-0.0004660124
1771466400079,5.0923e-06,-0.0004592615
1771470000021,6.4821e-06,-0.0004481429
1771473600122,6.5879e-06,-0.000447297
1771477200058,1.25e-05,-0.0003747907
1771480800072,1.07971e-05,-0.0004136229
1771484400126,1.10697e-05,-0.0004114426
1771488000040,1.25e-05,-0.0003978025
1771491600019,7.5569e-06,-0.0004395445
1771495200033,1.16041e-05,-0.0004071672
1771498800010,1.25e-05,-0.0003704214
1771502400062,1.25e-05,-0.0003626251
1771506000017,7.3441e-06,-0.0004412474
1771509600019,1.1221e-05,-0.000410232
1771513200067,1.25e-05,-0.0003381667
1771516800026,1.25e-05,-0.0003553533
1771520400013,1.25e-05,-0.0003128871
1771524000000,1.25e-05,-0.0002582153
1771527600043,1.25e-05,-0.0002304644
1771531200009,1.25e-05,-0.0002199637
1771534800023,1.25e-05,-0.0002017249
1771538400022,1.25e-05,-0.0002155914
1771542000042,1.25e-05,-0.0002198682
1771545600035,1.25e-05,-0.0002147599
1771549200190,1.25e-05,-0.000185113
1771552800054,1.25e-05,-0.0002059172
1771556400118,1.25e-05,-0.0002367137
1771560000085,1.25e-05,-0.0002257435
1771563600048,1.25e-05,-0.0002473771
1771567200033,1.25e-05,-0.0002326352
1771570800077,1.25e-05,-0.0002125451
1771574400069,1.25e-05,-0.0002347706
1771578000018,1.25e-05,-0.0003063394
1771581600018,1.25e-05,-0.0003068252
1771585200029,1.24569e-05,-0.0004003451
1771588800020,5.32e-06,-0.0004574404
1771592400001,6.9241e-06,-0.0004446074
1771596000062,1.25e-05,-0.0003531718
1771599600013,1.25e-05,-0.0002907736
1771603200044,7.7052e-06,-0.0004383581
1771606800002,4.0258e-06,-0.0004677935
1771610400056,1.11311e-05,-0.0004109509
1771614000125,1.25e-05,-0.0003632522
1771617600028,1.7113e-06,-0.0004863096
1771621200083,-5.714e-07,-0.0005045709
1771624800095,3.49e-07,-0.0004972079
1771628400033,4.3361e-06,-0.0004653115
1771632000011,1.7639e-06,-0.0004858887
1771635600131,-1.3796e-06,-0.0005110371
1771639200011,3.3262e-06,-0.0004733906
1771642800063,6.4306e-06,-0.0004485555
1771646400080,4.9147e-06,-0.0004606823
1771650000080,4.8647e-06,-0.0004610821
1771653600034,8.4629e-06,-0.0004322967
1771657200068,5.0089e-06,-0.0004599287
1771660800035,2.0309e-06,-0.0004837532
1771664400020,-2.665e-07,-0.0005021319
1771668000068,-2.0418e-06,-0.0005163342
1771671600028,-1.3155e-06,-0.0005105238
1771675200071,-3.5229e-06,-0.0005281835
1771678800019,-2.9268e-06,-0.0005234143
1771682400000,-2.3274e-06,-0.0005186195
1771686000011,-4.6184e-06,-0.0005369471
1771689600010,-4.5366e-06,-0.0005362932
1771693200060,-1.15307e-05,-0.0005922453
1771696800086,-9.3017e-06,-0.0005744135
1771700400111,-4.7001e-06,-0.0005376009
1771704000048,-9.3582e-06,-0.0005748654
1771707600024,-1.04287e-05,-0.0005834299
1771711200037,-9.2187e-06,-0.0005737494
1771714800054,-1.21438e-05,-0.0005971506
1771718400015,-1.36702e-05,-0.0006093614
1771722000084,-1.97873e-05,-0.0006582982
1771725600046,-8.6886e-06,-0.0005695084
1771729200056,-1.41337e-05,-0.0006130695
1771732800066,-1.05856e-05,-0.000584685
1771736400123,-5.2734e-06,-0.0005421874
1771740000012,3.022e-07,-0.0004975822
1771743600039,1.1689e-06,-0.0004906486
1771747200009,2.6162e-06,-0.0004790705
1771750800017,7.5995e-06,-0.0004392041
1771754400091,8.7682e-06,-0.0004298546
1771758000056,8.2612e-06,-0.0004339104
1771761600075,7.5506e-06,-0.0004395951
1771765200038,1.19545e-05,-0.000404364
1771768800048,1.25e-05,-0.0003428766
1771772400114,8.9852e-06,-0.0004281182
1771776000015,1.20666e-05,-0.0004034673
1771779600036,8.091e-06,-0.0004352724
1771783200075,4.969e-07,-0.0004960249
1771786800006,6.2171e-06,-0.000450263
1771790400029,6.5074e-06,-0.0004479405
1771794000000,4.4258e-06,-0.000464594
1771797600023,9.82e-07,-0.0004921436
1771801200093,-1.5923e-06,-0.0005127386
1771804800016,-5.9464e-06,-0.0005475714
1771808400004,-9.5652e-06,-0.0005765215
1771812000025,5.8472e-06,-0.0004532222
1771815600025,5.9345e-06,-0.0004525242
1771819200028,5.4135e-06,-0.0004566917
1771822800010,5.6009e-06,-0.0004551925
1771826400078,1.10023e-05,-0.0004119816
1771830000058,6.4498e-06,-0.0004484015
1771833600004,8.2246e-06,-0.0004342029
1771837200103,5.9766e-06,-0.0004521876
1771840800012,7.661e-06,-0.0004387118
1771844400010,6.123e-07,-0.0004951018
1771848000004,-5.0116e-06,-0.0005400929
1771851600080,-8.3763e-06,-0.0005670108
1771855200028,-9.3539e-06,-0.0005748309
1771858800059,-4.531e-06,-0.0005362479
1771862400045,-2.0331e-06,-0.0005162651
1771866000042,4.1918e-06,-0.0004664652
1771869600076,1.25e-05,-0.0003857528
1771873200053,1.25e-05,-0.0003888014
1771876800017,1.25e-05,-0.0003147936
1771880400054,1.25e-05,-0.000299112
1771884000029,1.25e-05,-0.0002731841
1771887600037,1.25e-05,-0.0002642824
1771891200048,1.25e-05,-0.0002387864
1771894800134,1.25e-05,-0.0002273519
1771898400050,1.25e-05,-0.0003650736
1771902000046,5.5746e-06,-0.000455403
1771905600015,8.3336e-06,-0.0004333316
1771909200026,7.4794e-06,-0.0004401644
1771912800085,1.12323e-05,-0.0004101416
1771916400076,1.00947e-05,-0.0004192422
1771920000022,1.15639e-05,-0.0004074888
1771923600048,1.25e-05,-0.0003126487
1771927200044,1.25e-05,-0.0002986756
1771930800020,1.25e-05,-0.0003770784
1771934400025,1.25e-05,-0.0003640015
1771938000047,1.25e-05,-0.0003210709
1771941600060,1.25e-05,-0.0003306836
1771945200057,1.25e-05,-0.0002497007
1771948800005,1.25e-05,-0.0002683756
1771952400049,1.25e-05,-0.0003685667
1771956000022,-7.6e-07,-0.00050608
1771959600066,3.9714e-06,-0.0004682289
1771963200026,4.4999e-06,-0.0004640008
1771966800002,2.3461e-06,-0.0004812316
1771970400030,-2.05695e-05,-0.0006645558
1771974000078,-1.3576e-05,-0.0006086083
1771977600014,-1.44896e-05,-0.0006159166
1771981200032,-1.3095e-05,-0.0006047602
1771984800039,1.00786e-05,-0.0004193715
1771988400030,7.6837e-06,-0.0004385306
1771992000056,6.4998e-06,-0.0004480016
1771995600028,8.5683e-06,-0.0004314533
1771999200061,7.9712e-06,-0.0004362307
1772002800000,1.15878e-05,-0.0004072977
1772006400037,1.25e-05,-0.0003861306
1772010000060,1.0181e-05,-0.0004185521
1772013600029,8.4941e-06,-0.0004320469
1772017200055,5.0215e-06,-0.0004598283
1772020800008,-3.93e-08,-0.0005003141
1772024400008,1.17131e-05,-0.0004062956
1772028000023,1.11928e-05,-0.0004104576
1772031600051,1.25e-05,-0.0003989454
1772035200012,2.5835e-06,-0.0004793318
1772038800075,4.1614e-06,-0.000466709
1772042400088,-7.7902e-06,-0.0005623217
1772046000128,-1.00079e-05,-0.0005800635
1772049600055,-7.7964e-06,-0.000562371
1772053200015,-8.7729e-06,-0.0005701835
1772056800000,-8.4226e-06,-0.0005673812
1772060400045,-9.8566e-06,-0.0005788527
1772064000036,-6.8873e-06,-0.0005550988
1772067600091,-7.5521e-06,-0.0005604172
1772071200018,-5.4547e-06,-0.0005436379
1772074800060,-3.4477e-06,-0.0005275813
1772078400013,-1.5703e-06,-0.0005125621
1772082000058,8.9994e-06,-0.0004280048
1772085600099,4.8208e-06,-0.0004614333
1772089200021,4.4993e-06,-0.0004640055
1772092800072,1.25e-05,-0.0003877125
1772096400076,1.01537e-05,-0.0004187702
1772100000108,1.25e-05,-0.0003502674
1772103600073,1.25e-05,-0.0003684669
1772107200041,5.9675e-06,-0.00045226
1772110800051,-1.7577e-06,-0.0005140619
1772114400019,-6.7917e-06,-0.0005543338
1772118000033,7.2061e-06,-0.0004423516
1772121600028,1.19802e-05,-0.0004041583
1772125200027,1.10541e-05,-0.000411567
1772128800023,1.25e-05,-0.0003440018
1772132400009,1.25e-05,-0.0003271252
1772136000035,1.25e-05,-0.0003477727
1772139600019,1.25e-05,-0.0003781109
1772143200019,1.25e-05,-0.0003361427
1772146800054,1.25e-05,-0.0003521864
1772150400001,5.9437e-06,-0.00045245
1772154000078,9.8703e-06,-0.0004210377
1772157600016,5.5964e-06,-0.0004552291
1772161200116,7.2649e-06,-0.0004418808
1772164800057,9.0446e-06,-0.0004276434
1772168400058,1.18849e-05,-0.0004049206
1772172000053,5.7384e-06,-0.0004540928
1772175600067,8.403e-06,-0.000432776
1772179200017,6.2564e-06,-0.000449949
1772182800026,7.7008e-06,-0.0004383937
1772186400074,1.25e-05,-0.0003762835
1772190000078,4.3233e-06,-0.0004654139
1772193600028,9.3432e-06,-0.0004252547
1772197200020,1.25e-05,-0.0003632963
1772200800036,1.25e-05,-0.000362736
1772204400054,7.528e-06,-0.0004397761
1772208000132,9.6065e-06,-0.0004231477
1772211600041,9.4858e-06,-0.0004241135
1772215200037,-5.034e-06,-0.000540272
1772218800012,-6.1853e-06,-0.0005494827
1772222400028,-5.6917e-06,-0.0005455333
1772226000037,-2.3766e-06,-0.0005190126
1772229600023,-6.3093e-06,-0.0005504744
1772233200014,-8.6467e-06,-0.0005691739
1772236800086,-3.7569e-06,-0.0005300549
1772240400090,-3.1098e-06,-0.0005248785
1772244000058,-4.5268e-06,-0.0005362141
1772247600012,-3.6773e-06,-0.0005294182
1772251200088,-9.8772e-06,-0.0005790178
1772254800063,-6.4397e-06,-0.0005515174
1772258400065,-6.9089e-06,-0.0005552716
1772262000026,-1.94227e-05,-0.0006553816
1772265600028,-1.55382e-05,-0.0006243055
1772269200012,-1.76998e-05,-0.0006415981
1772272800008,-3.06471e-05,-0.0007451765
1772276400008,-2.33124e-05,-0.0006864988
1772280000032,-2.70008e-05,-0.0007160063
1772283600035,-3.23758e-05,-0.0007590066
1772287200033,-2.06754e-05,-0.0006654029
1772290800021,-7.6687e-06,-0.0005613499
1772294400041,-1.78e-06,-0.0005142397
1772298000025,-1.5549e-06,-0.0005124393
1772301600015,2.1732e-06,-0.0004826147
1772305200074,4.3994e-06,-0.0004648047
1772308800039,1.1249e-06,-0.000491001
1772312400041,2.1009e-06,-0.0004831928
1772316000035,1.0621e-06,-0.000491503
1772319600066,7.72e-08,-0.0004993821
1772323200168,1.8723e-06,-0.0004850215
1772326800024,9.7737e-06,-0.0004218102
1772330400052,8.9086e-06,-0.0004287315
1772334000074,1.25e-05,-0.0003354836
1772337600034,1.25e-05,-0.0003286348
1772341200052,4.2426e-06,-0.000466059
1772344800071,6.0385e-06,-0.0004516918
1772348400018,8.6278e-06,-0.0004309778
1772352000093,9.1305e-06,-0.000426956
1772355600017,4.2297e-06,-0.0004661621
1772359200018,-1.13178e-05,-0.0005905424
1772362800017,-4.8228e-06,-0.0005385822
1772366400039,-1.7256e-06,-0.000513805
1772370000054,-2.236e-07,-0.000501789
1772373600029,5.55e-07,-0.0004955602
1772377200027,5.7302e-06,-0.0004541582
1772380800018,3.3034e-06,-0.0004735728
1772384400120,-2.7597e-06,-0.0005220779
1772388000070,-5.4687e-06,-0.0005437493
1772391600062,-7.1472e-06,-0.0005571774
1772395200026,-8.194e-06,-0.000565552
1772398800065,-1.57652e-05,-0.0006261218
1772402400085,-1.7312e-05,-0.0006384956
1772406000005,-1.33577e-05,-0.0006068619
1772409600044,-3.8806e-06,-0.0005310448
1772413200048,3.1778e-06,-0.0004745774
1772416800044,3.731e-06,-0.0004701522
1772420400063,7.087e-07,-0.0004943303
1772424000048,4.3002e-06,-0.000465598
1772427600071,5.1055e-06,-0.0004591562
1772431200062,2.4648e-06,-0.0004802819
1772434800054,-1.40785e-05,-0.0006126278
1772438400003,-4.6197e-06,-0.000536958
1772442000091,-4.493e-07,-0.0005035948
1772445600007,-2.4781e-06,-0.0005198248
1772449200019,-1.7532e-06,-0.0005140255
1772452800016,-8.15e-07,-0.0005065202
1772456400034,-6.127e-06,-0.0005490157
1772460000035,2.012e-07,-0.00049839
1772463600070,5.8162e-06,-0.00045347
1772467200053,-6.583e-06,-0.000552664
1772470800086,-1.34806e-05,-0.0006078445
1772474400025,-2.20042e-05,-0.0006760339
1772478000044,-7.447e-06,-0.0005595762
1772481600120,-1.07447e-05,-0.0005859575
1772485200038,-1.1182e-05,-0.0005894557
1772488800033,-6.7074e-06,-0.0005536588
1772492400068,-3.4761e-06,-0.0005278091
1772496000062,-1.5143e-05,-0.0006211443
1772499600052,-1.02083e-05,-0.0005816661
1772503200011,-9.0166e-06,-0.000572133
1772506800058,-4.3214e-06,-0.0005345715
1772510400010,-3.2367e-06,-0.0005258939
1772514000074,-2.722e-06,-0.0005217757
1772517600050,7.8273e-06,-0.0004373814
1772521200069,1.25e-05,-0.0003309426
1772524800009,1.25e-05,-0.0003089742
1772528400114,1.25e-05,-0.0002925699
1772532000046,1.25e-05,-0.0001652652
1772535600006,1.25e-05,-0.0001643177
1772539200013,1.25e-05,-0.0002050149
1772542800012,1.25e-05,-0.0001704937
1772546400039,1.25e-05,-0.0002437152
1772550000007,1.25e-05,-0.000267843
1772553600004,1.25e-05,-0.0002941964
1772557200041,1.25e-05,-0.0001008108
1772560800015,1.25e-05,-0.0002792352
1772564400049,1.25e-05,-0.0003926103
1772568000007,8.0873e-06,-0.0004353013
1772571600014,1.1931e-06,-0.0004904554
1772575200070,4.926e-07,-0.000496059
1772578800016,5.3304e-06,-0.0004573566
1772582400034,4.7084e-06,-0.0004623332
1772586000049,4.6936e-06,-0.0004624508
1772589600060,2.4693e-06,-0.0004802457
1772593200052,4.3397e-06,-0.0004652823
1772596800001,2.986e-07,-0.0004976108
1772600400064,-4.868e-06,-0.0005389437
1772604000079,7.9757e-06,-0.0004361943
1772607600095,7.9232e-06,-0.0004366143
1772611200047,1.25e-05,-0.0003953759
1772614800010,1.25e-05,-0.000322218
1772618400069,1.25e-05,-0.000390514
1772622000024,-9.5213e-06,-0.0005761706
1772625600133,2.0584e-06,-0.0004835325
1772629200019,-7.344e-07,-0.0005058755
1772632800036,-1.31511e-05,-0.0006052088
1772636400023,-2.09528e-05,-0.000667622
1772640000011,-1.53815e-05,-0.0006230523
1772643600095,-3.18571e-05,-0.0007548571
1772647200092,-3.02488e-05,-0.0007419905
1772650800093,-3.60062e-05,-0.0007880492
1772654400047,-1.93777e-05,-0.0006550215
1772658000048,-3.61459e-05,-0.0007891672
1772661600024,-3.18551e-05,-0.0007548407
1772665200045,-2.61447e-05,-0.0007091573
1772668800022,-2.14716e-05,-0.0006717724
1772672400018,-2.16694e-05,-0.0006733556
1772676000139,-1.00028e-05,-0.0005800224
1772679600019,-1.41693e-05,-0.0006133548
1772683200027,-5.9594e-06,-0.0005476749
1772686800001,-2.2099e-06,-0.0005176796
1772690400037,-2.7814e-06,-0.0005222516
1772694000091,-6.8444e-06,-0.0005547549
1772697600033,-6.42e-08,-0.0005005137
1772701200063,3.5923e-06,-0.0004712616
1772704800091,-9.5804e-06,-0.0005766429
1772708400017,-4.4587e-06,-0.0005356696
1772712000003,5.1881e-06,-0.0004584953
1772715600009,6.5359e-06,-0.0004477128
1772719200024,-6.304e-06,-0.0005504323
1772722800039,-2.4213e-06,-0.0005193702
1772726400034,7.637e-07,-0.0004938902
1772730000083,1.02104e-05,-0.0004183169
1772733600048,1.20827e-05,-0.0004033386
1772737200052,1.25e-05,-0.0003800402
1772740800073,1.25e-05,-0.00027437
1772744400042,1.25e-05,-0.0002612459
1772748000028,1.25e-05,-0.0003149919
1772751600029,1.25e-05,-0.0003940478
1772755200030,4.067e-06,-0.0004674643
1772758800082,-9.186e-07,-0.0005073488
1772762400006,-1.3902e-06,-0.0005111218
1772766000079,2.299e-07,-0.0004981607
1772769600026,5.5067e-06,-0.0004559463
1772773200112,7.1042e-06,-0.0004431665
1772776800019,5.5461e-06,-0.0004556308
1772780400028,6.544e-06,-0.0004476478
1772784000021,1.13476e-05,-0.0004092191
1772787600022,1.01837e-05,-0.0004185303
1772791200031,1.23572e-05,-0.000401142
1772794800036,1.19609e-05,-0.0004043126
1772798400052,1.04767e-05,-0.0004161866
1772802000052,1.04954e-05,-0.0004160367
1772805600033,1.25e-05,-0.0003932763
1772809200037,1.25e-05,-0.0003979504
1772812800062,1.25e-05,-0.0002863879
1772816400089,1.25e-05,-0.0002213411
1772820000056,1.25e-05,-0.000348618
1772823600066,1.25e-05,-0.0003555675
1772827200046,1.25e-05,-0.0003656719
1772830800021,1.25e-05,-0.0003483811
1772834400046,1.25e-05,-0.0003550882
1772838000092,1.25e-05,-0.0003595214
1772841600061,-9.787e-07,-0.0005078294
1772845200027,3.885e-06,-0.0004689197
1772848800050,6.1536e-06,-0.0004507713
1772852400045,6.6461e-06,-0.0004468312
1772856000014,4.7857e-06,-0.0004617146
1772859600052,7.8668e-06,-0.0004370656
1772863200070,3.6614e-06,-0.000470709
1772866800068,-1.9997e-06,-0.0005159975
1772870400015,-1.53614e-05,-0.0006228913
1772874000005,-1.7096e-06,-0.0005136768
1772877600014,2.3251e-06,-0.0004813991
1772881200002,1.3615e-06,-0.0004891081
1772884800031,9.7247e-06,-0.0004222024
1772888400033,5.5211e-06,-0.0004558312
1772892000084,6.3895e-06,-0.0004488842
1772895600012,1.25e-05,-0.0003972867
1772899200014,1.25e-05,-0.000304259
1772902800077,1.25e-05,-0.0003343194
1772906400110,1.25e-05,-0.0002638427
1772910000003,1.25e-05,-0.0003076146
1772913600010,1.25e-05,-0.0003835081
1772917200135,6.0019e-06,-0.0004519851
1772920800082,2.9066e-06,-0.0004767474
1772924400068,-5.526e-07,-0.0005044204
1772928000002,4.6809e-06,-0.0004625524
1772931600030,6.6085e-06,-0.0004471322
1772935200003,3.7714e-06,-0.0004698291
1772938800042,9.3321e-06,-0.0004253431
1772942400001,6.5568e-06,-0.0004475459
1772946000024,3.3368e-06,-0.0004733054
1772949600045,-1.8846e-06,-0.0005150768
1772953200036,9.709e-07,-0.0004922327
1772956800041,6.0921e-06,-0.0004512632
1772960400029,5.9499e-06,-0.0004524011
1772964000035,1.25e-05,-0.0003755644
1772967600036,2.2344e-06,-0.0004821252
1772971200021,-7.0633e-06,-0.0005565065
1772974800049,-2.7436e-06,-0.0005219484
1772978400061,7.754e-07,-0.0004937972
1772982000088,2.387e-07,-0.0004980902
1772985600024,-3.7864e-06,-0.0005302915
1772989200018,-4.4933e-06,-0.0005359462
1772992800004,2.4636e-06,-0.0004802914
1772996400000,-6.4438e-06,-0.0005515506
1773000000074,9.1177e-06,-0.0004270587
1773003600003,4.9044e-06,-0.000460765
1773007200038,3.1826e-06,-0.000474539
1773010800057,1.4108e-06,-0.0004887136
1773014400091,5.799e-07,-0.0004953609
1773018000052,-3.904e-07,-0.000503123
1773021600016,1.25e-05,-0.0003940435
1773025200012,6.3277e-06,-0.0004493783
1773028800030,1.25e-05,-0.0003811443
1773032400088,1.25e-05,-0.0003616529
1773036000070,4.4339e-06,-0.0004645286
1773039600026,-4.4876e-06,-0.000535901
1773043200094,5.0609e-06,-0.0004595127
1773046800114,1.6249e-06,-0.0004870005
1773050400108,1.05393e-05,-0.0004156854
1773054000050,2.64e-06,-0.0004788796
1773057600051,5.5969e-06,-0.0004552244
1773061200073,1.25e-05,-0.000325653
1773064800061,1.05963e-05,-0.0004152295
1773068400084,2.4534e-06,-0.0004803726
1773072000075,-2.08571e-05,-0.0006668569
1773075600049,-1.20428e-05,-0.0005963427
1773079200036,-1.1366e-05,-0.0005909283
1773082800053,-1.43137e-05,-0.0006145099
1773086400002,-1.27375e-05,-0.0006018999
1773090000074,-2.701e-05,-0.0007160798
1773093600010,-2.88527e-05,-0.0007308217
1773097200038,-2.55138e-05,-0.0007041106
1773100800042,-2.66676e-05,-0.0007133411
1773104400084,-1.72365e-05,-0.0006378919
1773108000013,-1.59728e-05,-0.0006277826
1773111600052,3.8228e-06,-0.0004694177
1773115200041,8.1795e-06,-0.0004345637
1773118800054,8.1019e-06,-0.000435185
1773122400137,1.25e-05,-0.0003995799
1773126000065,9.5142e-06,-0.0004238863
1773129600052,1.25e-05,-0.0003933028
1773133200017,1.15143e-05,-0.0004078857
1773136800060,-2.216e-07,-0.0005017727
1773140400011,-1.5428e-06,-0.0005123427
1773144000038,-1.65254e-05,-0.000632203
1773147600061,-1.07166e-05,-0.0005857331
1773151200027,-9.7332e-06,-0.0005778656
1773154800083,1.0534e-06,-0.0004915728
1773158400045,-1.8341e-06,-0.0005146725
1773162000004,-4.0356e-06,-0.0005322845
1773165600018,-8.1635e-06,-0.000565308
1773169200049,-1.39277e-05,-0.0006114213
1773172800050,-1.86044e-05,-0.0006488353
1773176400058,-1.40577e-05,-0.0006124615
1773180000068,-2.91618e-05,-0.0007332946
1773183600061,-2.67087e-05,-0.0007136692
1773187200088,-2.32418e-05,-0.0006859348
1773190800002,-2.38206e-05,-0.000690565
1773194400098,-1.75876e-05,-0.0006407009
1773198000016,-1.65093e-05,-0.0006320745
1773201600038,-1.49835e-05,-0.0006198683
1773205200075,-3.2166e-06,-0.0005257329
1773208800135,-7.4715e-06,-0.0005597718
1773212400014,-7.0376e-06,-0.0005563005
1773216000056,-6.3068e-06,-0.0005504543
1773219600082,-4.4478e-06,-0.0005355823
1773223200084,-7.2378e-06,-0.0005579021
1773226800001,-2.6099e-06,-0.0005208795
1773230400013,-3.561e-06,-0.0005284878
1773234000063,-6.1629e-06,-0.0005493031
1773237600004,-3.5041e-06,-0.0005280331
1773241200051,-2.00795e-05,-0.0006606361
1773244800065,-1.78767e-05,-0.0006430138
1773248400068,-1.02141e-05,-0.0005817127
1773252000102,1.1185e-06,-0.0004910523
1773255600082,-3.8502e-06,-0.0005308014
1773259200026,-4.1747e-06,-0.0005333976
1773262800008,-2.01008e-05,-0.0006608066
1773266400035,-1.77791e-05,-0.0006422325
1773270000069,-1.89649e-05,-0.0006517189
1773273600084,-2.68833e-05,-0.0007150667
1773277200006,-1.90861e-05,-0.0006526887
1773280800080,-2.10963e-05,-0.0006687701
1773284400036,-2.32141e-05,-0.0006857132
1773288000065,-2.74503e-05,-0.0007196026
1773291600094,-2.58607e-05,-0.0007068852
1773295200108,-1.87987e-05,-0.0006503892
1773298800046,-7.2455e-06,-0.0005579643
1773302400068,-3.1802e-06,-0.0005254417
1773306000063,-1.0541e-05,-0.0005843282
1773309600013,-1.39819e-05,-0.0006118554
1773313200017,-1.21777e-05,-0.0005974219
1773316800106,-1.75484e-05,-0.0006403873
1773320400062,-1.13339e-05,-0.0005906713
1773324000110,-6.2875e-06,-0.0005503003
1773327600024,-7.9203e-06,-0.0005633623
1773331200064,-1.37243e-05,-0.0006097944
1773334800004,-1.1411e-05,-0.0005912881
1773338400004,-1.54659e-05,-0.0006237271
1773342000025,-1.6316e-05,-0.0006305278
1773345600165,-2.3487e-06,-0.0005187893
1773349200073,-3.067e-06,-0.0005245357
1773352800071,4.9648e-06,-0.0004602814
1773356400070,4.7659e-06,-0.0004618724
1773360000061,5.6573e-06,-0.0004547414
1773363600032,1.25e-05,-0.0002820485
1773367200025,1.25e-05,-0.0002996557
1773370800021,1.25e-05,-0.0003914578
1773374400099,1.25e-05,-0.000354686
1773378000089,1.25e-05,-0.0003267489
1773381600064,1.25e-05,-0.0002852825
1773385200082,1.25e-05,-0.0002736373
1773388800016,1.25e-05,-0.000252065
1773392400045,1.25e-05,-0.0002838095
1773396000034,1.25e-05,-0.0003571924
1773399600010,1.25e-05,-0.0002487292
1773403200009,1.25e-05,-0.0003299311
1773406800059,1.25e-05,-0.0003705875
1773410400032,1.25e-05,-0.0002737113
1773414000021,1.09666e-05,-0.0004122668
1773417600051,1.25e-05,-0.0003237997
1773421200044,9.6497e-06,-0.0004228028
1773424800052,2.764e-06,-0.0004778878
1773428400006,6.1587e-06,-0.0004507308
1773432000021,5.0563e-06,-0.0004595497
1773435600092,6.652e-06,-0.000446784
1773439200005,-5.4255e-06,-0.0005434043
1773442800109,-3.7942e-06,-0.0005303538
1773446400044,-1.4407e-06,-0.0005115254
1773450000094,-6.6408e-06,-0.0005531268
1773453600100,-2.1686e-06,-0.0005173486
1773457200013,-2.644e-06,-0.0005211518
1773460800019,-5.0046e-06,-0.0005400365
1773464400095,-4.303e-07,-0.0005034425
1773468000072,-8.7722e-06,-0.0005701779
1773471600036,-1.16548e-05,-0.0005932383
1773475200041,-9.7827e-06,-0.0005782619
1773478800025,-4.9435e-06,-0.0005395483
1773482400098,-4.6682e-06,-0.0005373455
1773486000047,-3.8212e-06,-0.0005305696
1773489600020,6.5023e-06,-0.0004479812
1773493200042,-4.149e-07,-0.0005033194
1773496800076,2.2292e-06,-0.0004821667
1773500400009,-5.637e-06,-0.0005450957
1773504000100,-1.34852e-05,-0.0006078819
1773507600061,-7.2117e-06,-0.000557694
1773511200018,-3.6147e-06,-0.0005289174
1773514800048,-9.6848e-06,-0.0005774785
1773518400035,-5.2613e-06,-0.0005420902
1773522000015,-4.867e-07,-0.0005038938
1773525600041,-1.3686e-06,-0.0005109486
1773529200044,7.334e-07,-0.0004941331
1773532800099,1.908e-06,-0.000484736
1773536400102,3.767e-07,-0.0004969866
1773540000005,6.0004e-06,-0.0004519964
1773543600130,8.816e-06,-0.000429472
1773547200040,4.1903e-06,-0.0004664772
1773550800066,1.1816e-06,-0.0004905471
1773554400010,7.497e-06,-0.0004400238
1773558000046,-1.3473e-06,-0.0005107783
1773561600003,3.0498e-06,-0.0004756019
1773565200067,1.8666e-06,-0.0004850675
1773568800003,-7.194e-07,-0.0005057549
1773572400039,-1.9984e-06,-0.0005159869
1773576000060,1.8182e-06,-0.0004854547
1773579600023,2.4409e-06,-0.0004804729
1773583200023,-1.3818e-06,-0.0005110544
1773586800084,-3.1914e-06,-0.0005255309
1773590400034,-1.9039e-06,-0.0005152314
1773594000036,-8.5903e-06,-0.0005687222
1773597600003,-6.3317e-06,-0.0005506538
1773601200127,-7.6477e-06,-0.0005611813
1773604800024,-9.7804e-06,-0.0005782429
1773608400083,-4.6183e-06,-0.0005369464
1773612000019,-1.173e-06,-0.0005093839
1773615600037,8.3336e-06,-0.0004333311
1773619200090,5.9444e-06,-0.0004524444
1773622800002,3.1175e-06,-0.0004750596
1773626400078,7.9138e-06,-0.0004366899
1773630000040,6.1335e-06,-0.0004509321
1773633600012,8.2868e-06,-0.0004337053
1773637200021,4.6873e-06,-0.0004625014
1773640800092,8.8292e-06,-0.0004293663
1773644400033,1.5592e-06,-0.0004875266
1773648000062,7.8916e-06,-0.0004368673
1773651600035,5.8945e-06,-0.0004528441
1773655200042,8.075e-06,-0.0004354003
1773658800013,1.00206e-05,-0.0004198354
1773662400013,9.4734e-06,-0.0004242129
1773666000000,5.7472e-06,-0.0004540226
1773669600099,8.4273e-06,-0.0004325813
1773673200013,9.179e-07,-0.0004926564
1773676800033,-7.708e-07,-0.0005061667
1773680400023,5.7376e-06,-0.0004540994
1773684000045,-3.7803e-06,-0.0005302422
1773687600080,-1.2951e-06,-0.0005103611
1773691200001,-3.387e-07,-0.0005027096
1773694800032,2.1021e-06,-0.0004831836
1773698400000,6.455e-06,-0.0004483599
1773702000003,8.324e-06,-0.0004334083
1773705600034,8.1541e-06,-0.0004347673
1773709200045,1.25e-05,-0.0003215976
1773712800050,1.25e-05,-0.0003853889
1773716400010,9.085e-07,-0.0004927318
1773720000073,-3.4631e-06,-0.0005277052
1773723600048,-4.2142e-06,-0.0005337134
1773727200113,2.996e-07,-0.0004976035
1773730800039,1.6595e-06,-0.0004867238
1773734400000,1.186e-07,-0.0004990511
1773738000002,4.2312e-06,-0.0004661508
1773741600075,1.96e-06,-0.0004843199
1773745200115,1.10205e-05,-0.000411836
1773748800006,1.19201e-05,-0.0004046394
1773752400013,5.3702e-06,-0.0004570381
1773756000047,3.4784e-06,-0.0004721731
1773759600074,6.4573e-06,-0.0004483417
1773763200038,7.394e-07,-0.0004940845
1773766800054,-1.107e-07,-0.0005008852
1773770400071,3.9167e-06,-0.0004686662
1773774000018,2.2087e-06,-0.0004823304
1773777600034,7.4e-09,-0.0004999405
1773781200072,-2.6275e-06,-0.0005210202
1773784800003,7.5027e-06,-0.0004399785
1773788400011,1.2544e-06,-0.0004899648
1773792000028,-5.1104e-06,-0.0005408833
1773795600016,-2.4635e-06,-0.0005197077
1773799200026,4.6249e-06,-0.0004630007
1773802800060,-5.94e-07,-0.0005047519
1773806400054,1.8423e-06,-0.0004852616
1773810000001,-3.5377e-06,-0.0005283017
1773813600067,-1.20646e-05,-0.0005965172
1773817200033,-7.973e-07,-0.0005063782
1773820800005,-2.7449e-06,-0.0005219588
1773824400052,-2.58e-07,-0.0005020641
1773828000037,1.4663e-06,-0.0004882697
1773831600025,4.0737e-06,-0.0004674107
1773835200062,-4.0345e-06,-0.0005322759
1773838800007,-2.0644e-06,-0.0005165153
1773842400026,9.336e-06,-0.0004253123
1773846000035,1.1086e-05,-0.0004113124
1773849600009,1.25e-05,-0.0003645259
1773853200066,1.25e-05,-0.0003397585
1773856800052,1.25e-05,-0.0003601456
1773860400045,1.3294e-06,-0.0004893651
1773864000055,-1.7603e-06,-0.0005140826
1773867600050,-3.4063e-06,-0.0005272507
1773871200035,4.5656e-06,-0.0004634752
1773874800040,-7.8073e-06,-0.0005624581
1773878400090,-2.1465e-06,-0.0005171721
1773882000009,-9.5803e-06,-0.0005766422
1773885600012,-2.8962e-06,-0.0005231699
1773889200041,7.088e-07,-0.0004943296
1773892800010,2.6303e-06,-0.0004789575
1773896400090,-1.06893e-05,-0.0005855143
1773900000052,-3.082e-06,-0.0005246558
1773903600107,4.4915e-06,-0.0004640677
1773907200064,-1.36287e-05,-0.0006090299
1773910800026,-1.20166e-05,-0.0005961329
1773914400123,-1.55268e-05,-0.0006242148
1773918000052,-1.59813e-05,-0.0006278501
1773921600006,-2.00987e-05,-0.0006607896
1773925200045,-2.40413e-05,-0.0006923301
1773928800059,-1.04531e-05,-0.0005836252
1773932400002,-1.13106e-05,-0.000590485
1773936000031,-4.9378e-06,-0.0005395025
1773939600011,8.1402e-06,-0.0004348783
1773943200049,5.4161e-06,-0.0004566715
1773946800024,3.0977e-06,-0.0004752185
1773950400037,1.25e-05,-0.0002902392
1773954000022,1.25e-05,-0.0001322024
1773957600001,1.25e-05,-4.55223e-05
1773961200001,1.25e-05,-7.42651e-05
1773964800103,1.25e-05,-7.83154e-05
1773968400073,1.25e-05,-8.00046e-05
1773972000053,1.25e-05,-0.0001064778
1773975600072,1.25e-05,-0.000215504
1773979200004,1.25e-05,-0.0001874513
1773982800107,1.25e-05,-0.0001478706
1773986400096,1.25e-05,-0.0002113591
1773990000012,1.25e-05,-0.0002266273
1773993600003,1.25e-05,-0.0002648491
1773997200021,1.25e-05,-0.000325894
1774000800063,1.25e-05,-0.0003794503
1774004400048,5.0084e-06,-0.0004599332
1774008000087,4.5852e-06,-0.0004633184
1774011600148,-3.395e-07,-0.0005027159
1774015200115,2.3908e-06,-0.0004808738
1774018800034,4.3917e-06,-0.0004648668
1774022400074,1.25e-05,-0.0003849895
1774026000075,8.7337e-06,-0.0004301306
1774029600035,1.07629e-05,-0.0004138966
1774033200044,3.9561e-06,-0.0004683513
1774036800034,1.04591e-05,-0.0004163275
1774040400007,-1.5605e-06,-0.0005124837
1774044000000,3.686e-07,-0.000497051
1774047600047,5.4091e-06,-0.0004567271
1774051200093,3.6635e-06,-0.0004706918
1774054800011,1.0536e-06,-0.0004915712
1774058400032,2.1439e-06,-0.0004828487
1774062000013,7.6606e-06,-0.0004387151
1774065600040,3.7306e-06,-0.0004701551
1774069200041,3.9692e-06,-0.0004682462
1774072800066,2.2533e-06,-0.000481974
1774076400010,6.8567e-06,-0.0004451464
1774080000075,9.8917e-06,-0.0004208665
1774083600064,6.7487e-06,-0.0004460107
1774087200000,7.118e-07,-0.0004943058
1774090800008,-1.6009e-06,-0.0005128072
1774094400094,-7.757e-07,-0.0005062056
1774098000015,-3.2966e-06,-0.0005263727
1774101600045,-1.451e-07,-0.000501161
1774105200051,1.5556e-06,-0.0004875548
1774108800039,2.8338e-06,-0.0004773293
1774112400032,6.615e-07,-0.0004947078
1774116000020,-4.7359e-06,-0.0005378869
1774119600057,-3.9195e-06,-0.0005313558
1774123200073,7.371e-07,-0.000494103
1774126800086,4.7611e-06,-0.0004619114
1774130400004,-6.2318e-06,-0.0005498544
1774134000026,-5.7182e-06,-0.0005457459
1774137600042,-1.3486e-05,-0.0006078881
1774141200020,-1.25725e-05,-0.0006005799
1774144800085,-1.46116e-05,-0.0006168926
1774148400085,-1.49755e-05,-0.0006198042
1774152000007,-1.92502e-05,-0.0006540015
1774155600062,-2.10606e-05,-0.0006684847
1774159200062,-1.97173e-05,-0.0006577382
1774162800088,-1.76049e-05,-0.0006408391
1774166400050,-1.78915e-05,-0.0006431322
1774170000062,-1.14472e-05,-0.0005915773
1774173600003,-8.9182e-06,-0.0005713458
1774177200044,-1.9705e-05,-0.0006576403
1774180800049,-2.38457e-05,-0.0006907658
1774184400046,-1.24875e-05,-0.0005998997
1774188000011,-7.1344e-06,-0.0005570753
1774191600042,-1.7923e-06,-0.0005143381
1774195200021,-3.9418e-06,-0.0005315347
1774198800006,-7.2514e-06,-0.0005580113
1774202400081,-6.4917e-06,-0.0005519339
1774206000039,-7.3259e-06,-0.0005586074
1774209600048,-1.18441e-05,-0.0005947528
1774213200082,-1.22332e-05,-0.0005978655
1774216800090,-9.1597e-06,-0.0005732773
1774220400049,7.8557e-06,-0.0004371547
1774224000261,4.6081e-06,-0.0004631354
1774227600069,3.8132e-06,-0.0004694944
1774231200040,6.3258e-06,-0.0004493939
1774234800111,4.79e-07,-0.000496168
1774238400086,-1.1127e-06,-0.0005089018
1774242000014,5.8101e-06,-0.0004535194
1774245600068,3.2128e-06,-0.0004742978
1774249200043,4.8995e-06,-0.0004608043
1774252800066,3.4881e-06,-0.0004720951
1774256400071,2.5011e-06,-0.0004799915
1774260000081,8.833e-06,-0.0004293363
1774263600004,6.7721e-06,-0.0004458228
1774267200045,1.25e-05,-0.0003651545
1774270800056,-6.607e-07,-0.0005052854
1774274400053,8.6443e-06,-0.0004308456
1774278000071,-1.01033e-05,-0.0005808265
1774281600048,-8.4183e-06,-0.0005673465
1774285200080,1.5115e-06,-0.000487908
1774288800041,-3.289e-06,-0.0005263117
1774292400054,-1.08936e-05,-0.0005871487
1774296000019,-1.22164e-05,-0.000597731
1774299600090,-1.8801e-06,-0.0005150409
1774303200162,2.9838e-06,-0.0004761298
1774306800056,-7.5375e-06,-0.0005602999
1774310400027,5.1478e-06,-0.0004588177
1774314000082,3.681e-07,-0.0004970551
1774317600034,-5.253e-07,-0.0005042027
1774321200000,-2.4235e-06,-0.0005193879
1774324800016,1.898e-06,-0.0004848162
1774328400079,4.0513e-06,-0.00046759
1774332000003,-9.47e-08,-0.0005007579
1774335600088,7.069e-06,-0.0004434478
1774339200033,1.18603e-05,-0.0004051178
1774342800051,1.14414e-05,-0.0004084691
1774346400105,1.12761e-05,-0.0004097911
1774350000045,5.3996e-06,-0.000456803
1774353600096,3.6644e-06,-0.0004706849
1774357200028,8.142e-06,-0.0004348637
1774360800089,-4.3082e-06,-0.0005344655
1774364400033,1.807e-06,-0.0004855443
1774368000039,1.25e-05,-0.0003936049
1774371600061,5.4458e-06,-0.000456434
1774375200062,1.6766e-06,-0.0004865871
1774378800040,1.25e-05,-0.0003506746
1774382400058,1.25e-05,-0.0003753833
1774386000159,1.25e-05,-0.0002888262
1774389600052,1.25e-05,-0.0002484367
1774393200069,1.25e-05,-0.000264022
1774396800048,1.25e-05,-0.0002874373
1774400400110,1.25e-05,-0.0002002224
1774404000086,1.25e-05,-0.0002210313
1774407600069,1.25e-05,-0.000276469
1774411200059,1.25e-05,-0.000372367
1774414800076,1.25e-05,-0.0002469797
1774418400043,1.25e-05,-0.0002165155
1774422000053,1.25e-05,-0.0002833918
1774425600007,1.25e-05,-0.0003075838
1774429200057,1.25e-05,-0.0003590189
1774432800090,7.9959e-06,-0.0004360326
1774436400018,4.4183e-06,-0.0004646538
1774440000038,1.25e-05,-0.0003336199
1774443600032,1.25e-05,-0.0003595235
1774447200041,1.25e-05,-0.0002264919
1774450800062,1.25e-05,-0.0003012911
1774454400052,1.25e-05,-0.0003148567
1774458000022,1.25e-05,-0.0003137688
1774461600075,1.04689e-05,-0.0004162484
1774465200037,8.5923e-06,-0.0004312618
1774468800025,1.11853e-05,-0.0004105175
1774472400066,6.614e-06,-0.0004470879
1774476000023,8.2044e-06,-0.0004343649
1774479600072,6.8248e-06,-0.0004454017
1774483200035,6.5523e-06,-0.0004475818
1774486800006,7.4243e-06,-0.0004406056
1774490400139,6.4787e-06,-0.0004481705
1774494000114,5.2167e-06,-0.000458266
1774497600110,4.4944e-06,-0.0004640451
1774501200097,-3.3895e-06,-0.0005271157
1774504800014,-5.3482e-06,-0.0005427856
1774508400009,9.1699e-06,-0.0004266408
1774512000094,4.5761e-06,-0.000463391
1774515600075,4.6583e-06,-0.0004627334
1774519200001,-5.652e-07,-0.0005045218
1774522800072,-4.559e-07,-0.0005036472
1774526400020,-7.0203e-06,-0.0005561621
1774530000078,8.543e-07,-0.0004931656
1774533600066,1.06685e-05,-0.0004146516
1774537200018,1.25e-05,-0.0003953818
1774540800055,1.25e-05,-0.000361238
1774544400026,1.25e-05,-0.0002655383
1774548000030,1.25e-05,-0.0002712194
1774551600003,1.25e-05,-0.0002993489
1774555200077,1.25e-05,-0.0002147047
1774558800031,1.25e-05,-0.0002822818
1774562400068,1.25e-05,-0.0003491568
1774566000071,1.25e-05,-0.0003362657
1774569600013,1.25e-05,-0.0002556597
1774573200004,1.25e-05,-0.0003127686
1774576800007,1.25e-05,-0.0003140955
1774580400045,1.25e-05,-0.0003556476
1774584000027,1.22543e-05,-0.0004019652
1774587600055,5.2236e-06,-0.0004582109
1774591200021,4.9013e-06,-0.0004607893
1774594800047,6.9427e-06,-0.0004444588
1774598400042,8.284e-06,-0.0004337281
1774602000078,8.003e-07,-0.0004935973
1774605600011,3.7928e-06,-0.0004696576
1774609200056,5.1628e-06,-0.0004586977
1774612800073,1.25e-05,-0.0003967764
1774616400020,1.17845e-05,-0.0004057243
1774620000027,9.0044e-06,-0.0004279644
1774623600082,1.25e-05,-0.000372508
1774627200069,1.25e-05,-0.0002306004
1774630800063,1.25e-05,-0.0001874517
1774634400018,1.25e-05,-0.0002572832
1774638000017,1.25e-05,-0.0001792911
1774641600043,1.25e-05,-0.0001286332
1774645200064,1.25e-05,-0.0002177794
1774648800044,1.25e-05,-0.0002263611
1774652400008,1.25e-05,-0.0002973749
1774656000062,1.25e-05,-0.0002808017
1774659600004,1.25e-05,-0.0003424267
1774663200051,9.4371e-06,-0.0004245035
1774666800023,7.4705e-06,-0.0004402364
1774670400106,1.18226e-05,-0.0004054194
1774674000055,1.23005e-05,-0.0004015963
1774677600067,1.25e-05,-0.0003609128
1774681200039,1.25e-05,-0.0002750035
1774684800007,1.25e-05,-0.0003506389
1774688400008,1.25e-05,-0.0002884485
1774692000014,1.25e-05,-0.000368255
1774695600095,1.25e-05,-0.000386702
1774699200014,1.25e-05,-0.0003943988
1774702800013,1.25e-05,-0.0002825895
1774706400047,1.25e-05,-0.0003053464
1774710000042,1.25e-05,-0.0002773646
1774713600047,1.25e-05,-0.0002305876
1774717200074,1.25e-05,-0.000250852
1774720800070,1.25e-05,-0.0002861934
1774724400007,1.25e-05,-0.0002252942
1774728000075,1.25e-05,-0.0003102968
1774731600036,1.25e-05,-0.0002874374
1774735200009,1.25e-05,-0.0003622979
1774738800040,1.25e-05,-0.0003302253
1774742400085,1.25e-05,-0.0002872515
1774746000068,1.25e-05,-0.0003124221
1774749600040,1.25e-05,-0.0003417076
1774753200050,1.25e-05,-0.0002622839
1774756800034,1.25e-05,-0.0002745721
1774760400054,1.25e-05,-0.0003315184
1774764000017,1.25e-05,-0.0003589139
1774767600047,1.25e-05,-0.0003053965
1774771200033,1.25e-05,-0.0003660104
1774774800036,1.25e-05,-0.0003042091
1774778400121,1.15721e-05,-0.0004074229
1774782000002,1.02047e-05,-0.0004183624
1774785600067,1.25e-05,-0.0003764286
1774789200056,1.16262e-05,-0.0004069906
1774792800026,8.286e-06,-0.0004337124
1774796400057,5.6677e-06,-0.0004546586
1774800000029,2.1557e-06,-0.0004827542
1774803600011,2.5916e-06,-0.0004792669
1774807200092,5.203e-07,-0.0004958377
1774810800066,5.75e-07,-0.0004954002
1774814400062,5.6449e-06,-0.0004548407
1774818000026,3.3764e-06,-0.0004729888
1774821600013,5.7004e-06,-0.000454397
1774825200096,-5.2228e-06,-0.0005417823
1774828800038,-1.57495e-05,-0.0006259961
1774832400030,-4.543e-06,-0.000536344
1774836000054,9.377e-07,-0.0004924981
1774839600013,2.0451e-06,-0.0004836391
1774843200074,6.2285e-06,-0.0004501717
1774846800056,3.9169e-06,-0.000468665
1774850400089,3.106e-07,-0.0004975152
1774854000043,3.3157e-06,-0.0004734742
1774857600192,7.5939e-06,-0.0004392491
1774861200039,-3.7834e-06,-0.0005302674
1774864800052,-5.2841e-06,-0.000542273
1774868400059,-6.1739e-06,-0.0005493911
1774872000038,-7.7824e-06,-0.0005622595
1774875600031,-8.2398e-06,-0.0005659185
1774879200046,-1.63514e-05,-0.0006308109
1774882800019,-1.59454e-05,-0.0006275635
1774886400071,-1.1154e-05,-0.0005892317
1774890000108,-1.57942e-05,-0.0006263538
1774893600051,-5.5803e-06,-0.0005446423
1774897200085,-1.49e-07,-0.0005011921
1774900800055,-7.4268e-06,-0.0005594144
1774904400095,-6.0769e-06,-0.0005486152
1774908000021,-7.7604e-06,-0.0005620829
1774911600066,-5.2778e-06,-0.0005422225
1774915200016,-1.0189e-05,-0.0005815122
1774918800038,-6.6604e-06,-0.0005532834
1774922400066,4.7264e-06,-0.0004621884
1774926000092,2.1244e-06,-0.0004830048
1774929600073,-3.865e-07,-0.0005030921
1774933200062,-1.2769e-06,-0.0005102151
1774936800022,-8.188e-07,-0.0005065505
1774940400045,-1.5006e-06,-0.0005120045
1774944000000,9.724e-07,-0.0004922206
1774947600056,4.704e-07,-0.0004962365
1774951200021,-3.2971e-06,-0.0005263766
1774954800032,-1.0542e-05,-0.000584336
1774958400073,-3.5158e-06,-0.000528126
1774962000030,2.504e-07,-0.0004979966
1774965600038,-2.0374e-06,-0.0005162991
1774969200043,3.6033e-06,-0.0004711736
1774972800025,-5.812e-06,-0.000546496
1774976400030,-4.3957e-06,-0.0005351654
1774980000007,-1.51231e-05,-0.0006209844
1774983600051,-1.68316e-05,-0.0006346526
1774987200039,-1.73939e-05,-0.000639151
1774990800026,-1.72815e-05,-0.0006382516
1774994400046,-1.06528e-05,-0.0005852225
1774998000029,-1.58361e-05,-0.0006266891
1775001600068,-6.5066e-06,-0.0005520526
1775005200022,-9.8538e-06,-0.0005788305
1775008800050,-9.9308e-06,-0.0005794463
1775012400044,-7.6419e-06,-0.0005611354
1775016000042,-4.9621e-06,-0.0005396967
1775019600057,6.439e-06,-0.0004484884
1775023200051,9.831e-06,-0.0004213523
1775026800039,6.4121e-06,-0.0004487034
1775030400062,1.3418e-06,-0.0004892655
1775034000046,1.6294e-06,-0.0004869645
1775037600050,4.3789e-06,-0.0004649685
1775041200068,-4.3524e-06,-0.0005348195
1775044800081,-1.9792e-06,-0.0005158333
1775048400011,-4.961e-06,-0.0005396881
1775052000131,-1.35247e-05,-0.0006081979
1775055600029,-1.16614e-05,-0.0005932912
1775059200078,-1.13304e-05,-0.0005906431
1775062800076,-1.24711e-05,-0.0005997685
1775066400071,-1.35994e-05,-0.0006087953
1775070000017,-2.7873e-06,-0.0005222985
1775073600045,-2.9708e-06,-0.0005237667
1775077200041,-1.22902e-05,-0.0005983216
1775080800030,-2.5444e-06,-0.000520355
1775084400042,-6.1896e-06,-0.0005495172
1775088000177,-4.974e-06,-0.0005397922
1775091600004,-8.481e-07,-0.0005067848
1775095200060,-1.28285e-05,-0.0006026278
1775098800041,-1.70213e-05,-0.0006361702
1775102400059,-1.84969e-05,-0.0006479751
1775106000030,-2.07213e-05,-0.0006657704
1775109600039,-1.67052e-05,-0.0006336416
1775113200070,-8.1483e-06,-0.000565186
1775116800129,-1.56101e-05,-0.000624881
1775120400026,-1.87101e-05,-0.0006496807
1775124000051,-1.61506e-05,-0.0006292049
1775127600014,-1.76351e-05,-0.0006410807
1775131200021,-1.7389e-05,-0.0006391121
1775134800075,-1.4819e-05,-0.0006185517
1775138400049,-7.7121e-06,-0.0005616968
1775142000065,-1.15098e-05,-0.000592078
1775145600040,-1.8183e-05,-0.0006454637
1775149200022,-1.66116e-05,-0.0006328925
1775152800037,-1.86432e-05,-0.0006491455
1775156400006,-6.7795e-06,-0.0005542357
1775160000023,-1.29105e-05,-0.0006032841
1775163600131,-7.3098e-06,-0.0005584788
1775167200013,-1.2129e-05,-0.0005970317
1775170800004,-5.2031e-06,-0.0005416248
1775174400021,-3.4961e-06,-0.0005279692
1775178000043,-8.756e-06,-0.0005700482
1775181600023,-1.17438e-05,-0.0005939501
1775185200048,-9.4356e-06,-0.0005754845
1775188800039,-4.1648e-06,-0.0005333188
1775192400086,-1.9187e-06,-0.0005153497
1775196000049,-5.3898e-06,-0.0005431187
1775199600028,-3.9951e-06,-0.0005319607
1775203200069,2.1797e-06,-0.0004825622
1775206800054,2.3172e-06,-0.0004814627
1775210400043,-1.2668e-06,-0.0005101342
1775214000041,-2.0454e-06,-0.0005163628
1775217600031,2.571e-06,-0.0004794321
1775221200058,-3.4859e-06,-0.0005278874
1775224800001,2.1759e-06,-0.0004825926
1775228400044,2.1913e-06,-0.0004824693
1775232000033,-2.439e-07,-0.0005019515
1775235600040,7.3292e-06,-0.0004413661
1775239200069,5.586e-07,-0.0004955314
1775242800026,1.76e-08,-0.000499859
1775246400036,-5.0635e-06,-0.0005405082
1775250000048,1.6223e-06,-0.000487022
1775253600031,6.5192e-06,-0.0004478466
1775257200039,2.048e-07,-0.0004983619
1775260800063,-4.3767e-06,-0.0005350136
1775264400014,2.3824e-06,-0.0004809405
1775268000021,-3.3649e-06,-0.0005269194
1775271600064,-9.3546e-06,-0.0005748365
1775275200011,-7.8242e-06,-0.0005625935
1775278800063,-3.1582e-06,-0.0005252657
1775282400057,1.0787e-06,-0.0004913704
1775286000051,-1.3441e-06,-0.0005107525
1775289600033,-7.4463e-06,-0.0005595703
1775293200008,-9.9428e-06,-0.0005795421
1775296800029,-6.5787e-06,-0.0005526297
1775300400050,-1.9715e-06,-0.0005157721
1775304000009,-4.6206e-06,-0.0005369645
1775307600107,-2.5731e-06,-0.0005205846
1775311200065,-1.3549e-05,-0.000608392
1775314800008,-2.03073e-05,-0.0006624587
1775318400038,-1.87294e-05,-0.0006498355
1775322000041,-2.0357e-05,-0.0006628562
1775325600064,-1.3946e-05,-0.0006115681
1775329200012,-1.36321e-05,-0.000609057
1775332800063,-5.1592e-06,-0.0005412738
1775336400037,-9.3827e-06,-0.0005750617
1775340000032,-1.30313e-05,-0.0006042507
1775343600014,-9.6876e-06,-0.0005775012
1775347200047,-1.28064e-05,-0.0006024509
1775350800058,-1.70056e-05,-0.0006360451
1775354400058,-1.73362e-05,-0.0006386898
1775358000014,-1.37947e-05,-0.0006103576
1775361600022,-1.46677e-05,-0.0006173416
1775365200024,-1.04796e-05,-0.0005838366
1775368800051,-1.56392e-05,-0.0006251138
1775372400048,-1.05732e-05,-0.0005845853
1775376000066,-2.63455e-05,-0.000710764
1775379600017,-2.83484e-05,-0.0007267868
1775383200017,-2.45441e-05,-0.0006963528
1775386800024,-2.03716e-05,-0.0006629731
1775390400017,-2.33904e-05,-0.0006871233
1775394000047,-2.4988e-05,-0.0006999038
1775397600057,-1.60002e-05,-0.0006280013
1775401200081,-1.77249e-05,-0.0006417995
1775404800031,-1.22883e-05,-0.0005983063
1775408400049,-1.87636e-05,-0.0006501088
1775412000042,-1.89504e-05,-0.000651603
1775415600041,-1.29609e-05,-0.0006036869
1775419200030,-1.47376e-05,-0.0006179007
1775422800003,-1.23999e-05,-0.0005991996
1775426400060,-1.83538e-05,-0.0006468301
1775430000020,-1.0037e-05,-0.0005802958
1775433600029,-9.8878e-06,-0.0005791026
1775437200040,-1.008e-06,-0.0005080641
1775440800000,2.9207e-06,-0.0004766341
1775444400049,6.3027e-06,-0.0004495784
1775448000002,2.5927e-06,-0.0004792587
1775451600047,9.294e-07,-0.0004925645
1775455200025,3.2501e-06,-0.0004739989
1775458800064,1.401e-06,-0.0004887924
1775462400053,6.1694e-06,-0.0004506449
1775466000012,1.09716e-05,-0.000412227
1775469600006,1.20199e-05,-0.0004038408
1775473200016,1.25e-05,-0.0003879
1775476800072,1.1844e-06,-0.0004905249
1775480400031,1.8709e-06,-0.0004850329
1775484000066,2.373e-06,-0.0004810157
1775487600048,1.7327e-06,-0.0004861386
1775491200056,5.337e-07,-0.0004957304
1775494800002,-1.14632e-05,-0.0005917054
1775498400039,-1.07763e-05,-0.0005862101
1775502000000,-1.10744e-05,-0.0005885951
1775505600078,-8.5887e-06,-0.0005687097
1775509200054,-4.5799e-06,-0.0005366395
1775512800043,-1.10394e-05,-0.000588315
1775516400021,-1.46985e-05,-0.0006175881
1775520000046,2.6848e-06,-0.0004785213
1775523600015,-6.154e-06,-0.0005492318
1775527200012,-1.05452e-05,-0.0005843616
1775530800093,-1.8383e-06,-0.0005147066
1775534400017,4.6691e-06,-0.000462647
1775538000006,6.365e-07,-0.0004949083
1775541600030,-1.351e-06,-0.0005108082
1775545200064,3.0901e-06,-0.000475279
1775548800020,5.3322e-06,-0.0004573425
1775552400031,7.5588e-06,-0.0004395296
1775556000005,1.03327e-05,-0.0004173387
1775559600030,-2.5651e-06,-0.0005205206
1775563200037,8.904e-07,-0.000492877
1775566800060,1.9494e-06,-0.0004844049
1775570400027,-2.6877e-06,-0.0005215017
1775574000041,-2.1088e-06,-0.0005168703
1775577600036,4.8385e-06,-0.0004612922
1775581200024,2.8201e-06,-0.000477439
1775584800013,4.277e-06,-0.0004657843
1775588400017,7.655e-06,-0.0004387604
1775592000041,9.2327e-06,-0.0004261381
1775595600062,1.25e-05,-0.0003447595
1775599200029,1.25e-05,-0.0003583911
1775602800038,1.25e-05,-0.0001771329
1775606400094,1.25e-05,-6.36251e-05
1775610000057,1.25e-05,-0.0001008679
1775613600043,1.25e-05,-0.000125421
1775617200059,1.25e-05,-0.0001221959
1775620800012,1.25e-05,-0.0001615897
1775624400056,1.25e-05,-4.43505e-05
1775628000065,1.25e-05,-6.36931e-05
1775631600039,1.25e-05,-5.17471e-05
1775635200005,1.25e-05,-7.06651e-05
1775638800047,1.25e-05,-9.3526e-05
1775642400004,1.25e-05,-0.0001377151
1775646000027,1.25e-05,-0.000229538
1775649600000,1.25e-05,-0.0002380004
1775653200019,1.25e-05,-0.0002591646
1775656800064,1.25e-05,-0.0001730645
1775660400025,1.25e-05,-0.0003137217
1775664000054,1.25e-05,-0.0002481471
1775667600009,1.25e-05,-0.0002900596
1775671200046,1.25e-05,-0.0003601748
1775674800026,3.4689e-06,-0.0004722485
1775678400068,2.0265e-06,-0.0004837884
1775682000031,-1.8857e-06,-0.0005150858
1775685600010,1.4503e-06,-0.0004883978
1775689200039,6.67e-08,-0.0004994661
1775692800070,6.955e-07,-0.0004944358
1775696400023,-2.9114e-06,-0.000523291
1775700000010,6.4058e-06,-0.0004487539
1775703600053,6.8484e-06,-0.000445213
1775707200015,4.4593e-06,-0.0004643252
1775710800007,3.3565e-06,-0.0004731481
1775714400021,3.7106e-06,-0.0004703156
1775718000001,5.0594e-06,-0.0004595245
1775721600056,-2.1414e-06,-0.0005171311
1775725200008,4.1051e-06,-0.0004671593
1775728800006,2.56e-08,-0.0004997955
1775732400010,-1.088e-06,-0.0005087038
1775736000054,-1.0912e-05,-0.0005872961
1775739600004,-8.0506e-06,-0.0005644045
1775743200056,-1.17356e-05,-0.0005938844
1775746800041,-2.9466e-06,-0.0005235732
1775750400011,9.1331e-06,-0.0004269351
1775754000012,6.4545e-06,-0.0004483642
1775757600001,6.8748e-06,-0.0004450016
1775761200031,-2.006e-06,-0.0005160481
1775764800004,1.2403e-05,-0.0004007756
1775768400018,1.25e-05,-0.0003251683
1775772000000,1.25e-05,-0.0003755821
1775775600071,1.25e-05,-0.0003536683
1775779200062,1.09263e-05,-0.0004125894
1775782800013,1.25e-05,-0.0003699461
1775786400002,1.25e-05,-0.0003602608
1775790000040,1.25e-05,-0.0003584623
1775793600047,1.24855e-05,-0.0004001162
1775797200031,1.25e-05,-0.0003364363
1775800800026,1.25e-05,-0.0003646833
1775804400016,1.25e-05,-0.0003312576
1775808000000,1.25e-05,-0.0003422776
1775811600015,1.25e-05,-0.0003640779
1775815200028,1.25e-05,-0.0003296389
1775818800010,1.25e-05,-0.0003567339
1775822400057,1.25e-05,-0.000383315
1775826000032,1.25e-05,-0.0003778643
1775829600008,1.18947e-05,-0.0004048423
1775833200005,6.6363e-06,-0.0004469099
1775836800053,6.922e-07,-0.0004944624
1775840400022,8.6392e-06,-0.0004308865
1775844000021,3.9722e-06,-0.0004682222
1775847600046,5.727e-06,-0.0004541837
1775851200009,-2.6853e-06,-0.0005214822
1775854800010,-3.8061e-06,-0.0005304489
1775858400079,-5.458e-07,-0.0005043664
1775862000055,4.277e-06,-0.0004657837
1775865600015,4.6499e-06,-0.0004628006
1775869200006,9.5494e-06,-0.0004236045
1775872800020,8.7099e-06,-0.0004303207
1775876400039,1.16345e-05,-0.0004069241
1775880000013,1.13298e-05,-0.0004093614
1775883600005,9.5026e-06,-0.0004239793
1775887200024,7.8637e-06,-0.0004370901
1775890800016,1.15181e-05,-0.0004078553
1775894400002,1.25e-05,-0.000387553
1775898000042,1.25e-05,-0.000349303
1775901600048,1.25e-05,-0.0003905242
1775905200040,1.00413e-05,-0.0004196693
1775908800055,1.25e-05,-0.0003712187
1775912400047,1.25e-05,-0.0003289629
1775916000001,1.25e-05,-0.0003913595
1775919600041,1.22872e-05,-0.0004017023
1775923200034,1.10529e-05,-0.000411577
1775926800008,1.25e-05,-0.0003583025
1775930400033,1.25e-05,-0.0002736901
1775934000047,1.25e-05,-0.0002895469
1775937600023,1.25e-05,-0.000320688
1775941200058,1.25e-05,-0.0003652786
1775944800036,1.25e-05,-0.0003218174
1775948400020,1.25e-05,-0.0003336346
1775952000067,1.25e-05,-0.0003473903
1775955600044,1.25e-05,-0.0002814056
1775959200031,1.15972e-05,-0.0004072224
1775962800029,-9.639e-07,-0.000507711
1775966400055,6.559e-07,-0.000494753
1775970000066,5.7136e-06,-0.0004542908
1775973600047,5.0413e-06,-0.0004596698
1775977200004,1.3929e-06,-0.0004888565
1775980800022,-4.2964e-06,-0.000534371
1775984400049,8.785e-07,-0.0004929722
1775988000011,1.6313e-06,-0.0004869494
1775991600022,2.1298e-06,-0.0004829616
1775995200040,3.8558e-06,-0.0004691535
1775998800028,2.2916e-06,-0.0004816675
1776002400064,2.0863e-06,-0.0004833099
1776006000065,4.0129e-06,-0.0004678969
1776009600046,5.1847e-06,-0.0004585227
1776013200054,3.2047e-06,-0.0004743626
1776016800035,4.0099e-06,-0.0004679205
1776020400028,4.2025e-06,-0.0004663804
1776024000062,-3.27e-08,-0.0005002618
1776027600049,-8.5725e-06,-0.0005685802
1776031200058,-7.8976e-06,-0.0005631809
1776034800048,7.068e-07,-0.0004943454
1776038400013,3.0638e-06,-0.0004754898
1776042000031,6.3351e-06,-0.0004493192
1776045600001,5.5078e-06,-0.0004559373
1776049200056,8.6731e-06,-0.000430615
1776052800056,5.4905e-06,-0.0004560763
1776056400032,1.7395e-06,-0.0004860836
1776060000007,-1.5848e-06,-0.0005126781
1776063600011,8.9837e-06,-0.0004281308
1776067200015,4.1716e-06,-0.0004666275
1776070800013,4.3437e-06,-0.00046525
1776074400032,4.0844e-06,-0.000467325
1776078000011,2.7186e-06,-0.0004782508
1776081600063,4.6852e-06,-0.0004625182
1776085200036,5.5829e-06,-0.0004553369
1776088800007,1.25e-05,-0.0003551268
1776092400114,-4.0823e-06,-0.0005326587
1776096000016,-1.09187e-05,-0.0005873494
1776099600028,-2.7289e-06,-0.000521831
1776103200040,-6.8759e-06,-0.000555007
1776106800055,-2.7777e-06,-0.0005222212
1776110400032,-4.5367e-06,-0.0005362936
1776114000038,-2.43527e-05,-0.0006948213
1776117600023,-8.2912e-06,-0.0005663292
1776121200008,1.20594e-05,-0.0004035252
1776124800020,1.25e-05,-0.0003468867
1776128400057,1.25e-05,-0.0003533586
1776132000017,1.25e-05,-0.0003575757
1776135600043,1.25e-05,-0.0003461062
1776139200009,1.25e-05,-0.0003651785
1776142800054,1.25e-05,-0.0003477566
1776146400057,1.25e-05,-0.0003779386
1776150000076,1.25e-05,-0.0003825664
1776153600066,1.25e-05,-0.0003741306
1776157200041,8.387e-06,-0.0004329042
1776160800010,-8.0086e-06,-0.0005640687
1776164400030,-9.8733e-06,-0.0005789864
1776168000053,-3.4099e-06,-0.0005272791
1776171600039,-4.3025e-06,-0.00053442
1776175200012,-1.139e-07,-0.0005009113
1776178800056,-2.32732e-05,-0.0006861857
1776182400029,-2.40632e-05,-0.0006925057
1776186000057,-4.37798e-05,-0.0008502383
1776189600062,-3.41474e-05,-0.0007731795
1776193200040,-3.21675e-05,-0.0007573401
1776196800000,-3.04334e-05,-0.0007434674
1776200400003,-3.73029e-05,-0.0007984235
1776204000001,-3.87815e-05,-0.0008102516
1776207600021,-2.156e-05,-0.0006724797
1776211200015,-1.60079e-05,-0.0006280635
1776214800054,-1.41059e-05,-0.0006128475
1776218400036,-1.53487e-05,-0.0006227896
1776222000065,-1.61713e-05,-0.0006293707
1776225600053,-1.44376e-05,-0.0006155005
1776229200029,-5.1385e-06,-0.0005411082
1776232800060,-1.30892e-05,-0.0006047135
1776236400038,-1.48697e-05,-0.0006189576
1776240000009,-1.43471e-05,-0.0006147771
1776243600024,-3.4245e-06,-0.0005273959
1776247200027,-1.3056e-05,-0.0006044483
1776250800067,-7.343e-06,-0.0005587437
1776254400030,-7.9024e-06,-0.0005632189
1776258000008,-5.641e-07,-0.0005045124
1776261600035,5.29e-07,-0.000495768
1776265200057,1.8175e-06,-0.0004854601
1776268800025,-1.6432e-06,-0.0005131458
1776272400022,-1.9967e-06,-0.0005159736
1776276000030,-6.709e-07,-0.0005053673
1776279600062,4.184e-07,-0.0004966526
1776283200014,-3.6571e-06,-0.0005292567
1776286800049,-1.44736e-05,-0.0006157884
1776290400067,-1.12141e-05,-0.0005897128
1776294000056,-5.6304e-06,-0.0005450431
1776297600044,-6.8305e-06,-0.0005546441
1776301200022,-3.6102e-06,-0.0005288814
1776304800010,-1.07555e-05,-0.0005860437
1776308400053,-4.9071e-06,-0.0005392568
1776312000006,-1.0613e-06,-0.0005084905
1776315600042,-4.679e-07,-0.0005037435
1776319200031,3.1269e-06,-0.0004749848
1776322800012,5.2702e-06,-0.0004578387
1776326400062,1.8609e-06,-0.000485113
1776330000045,6.911e-07,-0.0004944711
1776333600004,6.716e-07,-0.0004946272
1776337200035,-3.0758e-06,-0.0005246066
1776340800042,-1.54264e-05,-0.0006234114
1776344400030,-1.62719e-05,-0.0006301756
1776348000019,-6.5127e-06,-0.0005521015
1776351600047,-9.1331e-06,-0.0005730652
1776355200051,1.2307e-06,-0.0004901542
1776358800013,2.5235e-06,-0.0004798121
1776362400034,2.9733e-06,-0.0004762139
1776366000064,9.8641e-06,-0.0004210869
1776369600016,1.11566e-05,-0.0004107475
1776373200025,3.2671e-06,-0.0004738632
1776376800043,-4.801e-07,-0.0005038404
1776380400041,3.268e-07,-0.0004973854
1776384000030,6.7867e-06,-0.0004457066
1776387600015,8.3384e-06,-0.0004332925
1776391200026,2.2463e-06,-0.0004820296
1776394800010,4.0032e-06,-0.0004679745
1776398400064,7.2651e-06,-0.0004418796
1776402000052,5.8203e-06,-0.000453438
1776405600017,1.7514e-06,-0.0004859888
1776409200065,4.4795e-06,-0.0004641638
1776412800042,7.2612e-06,-0.0004419102
1776416400035,-3.57e-08,-0.0005002855
1776420000011,-2.0019e-06,-0.0005160152
1776423600038,-1.16745e-05,-0.000593396
1776427200064,-1.28326e-05,-0.0006026605
1776430800036,-5.6944e-06,-0.0005455556
1776434400000,6.622e-07,-0.0004947024
1776438000059,-8.4281e-06,-0.0005674247
1776441600039,-2.20303e-05,-0.000676242
1776445200046,-2.65216e-05,-0.0007121724
1776448800052,-1.55055e-05,-0.0006240441
1776452400019,-1.22773e-05,-0.0005982186
1776456000065,-1.1946e-05,-0.0005955679
1776459600012,-2.2665e-05,-0.0006813197
1776463200042,-1.11584e-05,-0.0005892673
1776466800022,-1.26582e-05,-0.0006012653
1776470400064,-1.8937e-05,-0.0006514958
1776474000049,-1.63757e-05,-0.0006310054
1776477600042,-1.50709e-05,-0.000620567
1776481200031,-1.44502e-05,-0.0006156019
1776484800009,-1.2034e-05,-0.0005962719
1776488400060,-7.3326e-06,-0.0005586607
1776492000049,-1.0466e-05,-0.0005837281
1776495600028,-5.4072e-06,-0.0005432573
1776499200049,1.2496e-06,-0.0004900029
1776502800011,3e-10,-0.0004999977
1776506400020,-1.49217e-05,-0.0006193732
1776510000016,-2.6218e-06,-0.0005209742
1776513600034,-3.803e-07,-0.0005030424
1776517200047,2.1438e-06,-0.0004828499
1776520800018,7.28e-07,-0.0004941762
1776524400000,3.008e-07,-0.0004975935
1776528000001,-5.8545e-06,-0.0005468359
1776531600001,-7.1123e-06,-0.0005568984
1776535200050,-8.5786e-06,-0.0005686284
1776538800039,-2.45205e-05,-0.0006961644
1776542400037,-2.46542e-05,-0.0006972338
1776546000036,-1.76829e-05,-0.0006414632
1776549600011,-2.17784e-05,-0.0006742272
1776553200026,-2.12517e-05,-0.0006700133
1776556800053,-1.95831e-05,-0.0006566645
1776560400051,-2.06578e-05,-0.0006652622
1776564000028,-1.47201e-05,-0.0006177611
1776567600060,-8.834e-06,-0.0005706718
1776571200051,-7.7053e-06,-0.0005616422
1776574800046,-6.6869e-06,-0.000553495
1776578400041,-5.7351e-06,-0.0005458812
1776582000002,-1.16717e-05,-0.0005933733
1776585600040,-8.3646e-06,-0.0005669166
1776589200041,3.7529e-06,-0.0004699764
1776592800022,-6.3134e-06,-0.000550507
1776596400032,-2.008e-07,-0.0005016062
1776600000016,4.6254e-06,-0.0004629971
1776603600026,-5.8242e-06,-0.0005465935
1776607200011,-2.1583e-06,-0.0005172664
1776610800004,-1.0497e-06,-0.0005083977
1776614400010,6.9e-09,-0.0004999448
1776618000060,-4.6187e-06,-0.0005369493
1776621600009,-1.35901e-05,-0.0006087212
1776625200018,-1.29344e-05,-0.0006034753
1776628800030,1.6594e-06,-0.0004867244
1776632400025,-1.0674e-06,-0.0005085389
1776636000007,-1.7233e-06,-0.0005137862
1776639600025,-5.1759e-06,-0.0005414074
1776643200062,-1.15768e-05,-0.0005926141
1776646800029,-5.2337e-06,-0.0005418698
1776650400053,4.811e-07,-0.0004961514
1776654000025,-6.557e-07,-0.0005052458
1776657600029,1.1004e-06,-0.0004911966
1776661200055,3.3371e-06,-0.0004733036
1776664800000,-3.3659e-06,-0.0005269273
1776668400006,5.7433e-06,-0.0004540535
1776672000037,6.3816e-06,-0.0004489474
1776675600008,9.662e-07,-0.0004922702
1776679200053,3.9129e-06,-0.0004686967
1776682800014,2.7763e-06,-0.0004777892
1776686400091,1.2144e-06,-0.0004902849
1776690000051,6.9385e-06,-0.000444492
1776693600033,4.7016e-06,-0.0004623873
1776697200041,1.759e-06,-0.0004859279
1776700800028,-5.2834e-06,-0.0005422674
1776704400049,1.2074e-06,-0.0004903411
1776708000019,5.0884e-06,-0.0004592928
1776711600037,7.135e-07,-0.0004942924
1776715200063,-3.598e-07,-0.000502878
1776718800038,-6.1433e-06,-0.0005491463
1776722400039,-8.6099e-06,-0.0005688788
1776726000053,-4.9213e-06,-0.0005393701
1776729600087,-4.2796e-06,-0.0005342372
1776733200043,5.003e-07,-0.0004959977
1776736800023,-6.252e-07,-0.0005050015
1776740400030,-1.4909e-05,-0.0006192724
1776744000018,-1.01314e-05,-0.0005810509
1776747600065,-6.4913e-06,-0.0005519307
1776751200010,-1.7794e-06,-0.000514235
1776754800053,-1.1472e-06,-0.000509178
1776758400036,6.4308e-06,-0.0004485535
1776762000005,1.13966e-05,-0.000408827
1776765600001,7.2758e-06,-0.0004417932
1776769200065,7.3231e-06,-0.0004414153
1776772800036,6.4864e-06,-0.0004481089
1776776400063,-8.6966e-06,-0.0005695726
1776780000044,-3.8335e-06,-0.0005306684
1776783600019,7.5293e-06,-0.0004397659
1776787200048,2.4154e-06,-0.0004806767
1776790800003,6.001e-07,-0.000495199
1776794400065,-4.4201e-06,-0.0005353612
1776798000039,-5.9455e-06,-0.0005475638
1776801600004,-2.4844e-06,-0.0005198755
1776805200015,-6.336e-07,-0.0005050687
1776808800008,-5.4229e-06,-0.0005433836
1776812400011,2.428e-07,-0.0004980577
1776816000061,8.5382e-06,-0.0004316943
1776819600004,4.6815e-06,-0.0004625478
1776823200042,4.157e-06,-0.0004667441
1776826800005,4.3831e-06,-0.0004649352
1776830400056,1.1375e-06,-0.0004908997
1776834000030,3.5519e-06,-0.0004715847
1776837600005,-7.9415e-06,-0.0005635318
1776841200018,-1.02192e-05,-0.0005817535
1776844800009,-8.0115e-06,-0.0005640917
1776848400041,-5.6438e-06,-0.0005451508
1776852000008,-5.4011e-06,-0.0005432086
1776855600019,-8.2504e-06,-0.0005660033
1776859200041,-2.3542e-06,-0.0005188336
1776862800003,-1.12012e-05,-0.0005896098
1776866400043,-4.0037e-06,-0.00053203
1776870000021,-3.3737e-06,-0.0005269899
1776873600051,-5.8456e-06,-0.0005467652
1776877200012,-1.3976e-05,-0.0006118081
1776880800036,-1.2626e-05,-0.0006010079
1776884400031,-5.9257e-06,-0.0005474056
1776888000051,-1.44315e-05,-0.000615452
1776891600023,-2.13484e-05,-0.0006707873
1776895200042,-7.9414e-06,-0.0005635312
1776898800056,-4.0123e-06,-0.0005320988
1776902400028,-7.984e-06,-0.0005638719
1776906000056,7.92e-07,-0.0004936641
1776909600016,4.0375e-06,-0.0004677001
1776913200013,4.3222e-06,-0.0004654221
1776916800053,8.1845e-06,-0.0004345237
1776920400046,1.02671e-05,-0.0004178632
1776924000079,9.5632e-06,-0.0004234945
1776927600059,5.8638e-06,-0.0004530897
1776931200019,3.3378e-06,-0.0004732978
1776934800060,1.04809e-05,-0.0004161526
1776938400021,6.3108e-06,-0.0004495138
1776942000053,4.6679e-06,-0.0004626569
1776945600024,1.8035e-06,-0.0004855721
1776949200060,3.1055e-06,-0.0004751559
1776952800015,4.585e-07,-0.0004963318
1776956400020,1.25e-05,-0.0003722239
1776960000048,1.06375e-05,-0.0004149001
1776963600075,-1.2234e-06,-0.000509787
1776967200016,-8.1764e-06,-0.0005654108
1776970800075,2.8995e-06,-0.0004768043
1776974400003,9.066e-06,-0.0004274723
1776978000042,1.25e-05,-0.0003123523
1776981600005,1.25e-05,-0.0002946606
1776985200065,1.25e-05,-0.0002861316
1776988800064,1.25e-05,-0.0003284339
1776992400021,1.25e-05,-0.0003444484
1776996000064,1.25e-05,-0.0003694659
1776999600062,1.24002e-05,-0.0004007981
1777003200018,1.19255e-05,-0.0004045959
1777006800065,1.25e-05,-0.0003445888
1777010400000,1.25e-05,-0.0003052988
1777014000039,1.25e-05,-0.0002569611
1777017600008,1.25e-05,-0.0002681762
1777021200041,1.25e-05,-0.0002465649
1777024800038,1.25e-05,-0.0003701592
1777028400039,1.25e-05,-0.0003876626
1777032000002,1.25e-05,-0.000335544
1777035600047,1.11146e-05,-0.000411083
1777039200063,7.4312e-06,-0.00044055
1777042800001,2.7022e-06,-0.0004783827
1777046400049,1.15939e-05,-0.0004072486
1777050000011,1.25e-05,-0.0003853883
1777053600037,9.129e-06,-0.0004269678
1777057200020,4.2975e-06,-0.0004656204
1777060800007,4.826e-06,-0.0004613924
1777064400058,1.22308e-05,-0.0004021538
1777068000042,1.05011e-05,-0.0004159909
1777071600055,7.6354e-06,-0.0004389171
1777075200024,9.2602e-06,-0.0004259181
1777078800002,9.4427e-06,-0.0004244587
1777082400044,1.09257e-05,-0.0004125945
1777086000063,4.7607e-06,-0.0004619147
1777089600000,5.0728e-06,-0.0004594172
1777093200035,1.18059e-05,-0.0004055531
1777096800023,3.809e-07,-0.0004969525
1777100400048,2.6398e-06,-0.0004788815
1777104000044,6.6614e-06,-0.0004467091
1777107600060,1.25e-05,-0.0003552992
1777111200052,1.25e-05,-0.0003680068
1777114800064,1.25e-05,-0.0003557648
1777118400039,7.9738e-06,-0.0004362093
1777122000031,2.7242e-06,-0.0004782064
1777125600050,1.25e-05,-0.000367534
1777129200037,1.25e-05,-0.0003229889
1777132800080,1.25e-05,-0.0003618926
1777136400047,7.2021e-06,-0.0004423835
1777140000031,8.1781e-06,-0.0004345751
1777143600078,3.2784e-06,-0.0004737727
1777147200064,2.9444e-06,-0.0004764451
1777150800007,1.23797e-05,-0.0004009623
1777154400003,2.8339e-06,-0.0004773287
1777158000060,7.1756e-06,-0.0004425954
1777161600025,2.8836e-06,-0.0004769309
1777165200030,2.5538e-06,-0.0004795694
1777168800007,2.941e-07,-0.0004976469
1777172400050,9.681e-07,-0.0004922554
1777176000032,-1.977e-06,-0.0005158164
1777179600041,-6.782e-07,-0.0005054253
1777183200030,2.6556e-06,-0.0004787549
1777186800026,3.8881e-06,-0.0004688954
1777190400058,5.7357e-06,-0.0004541145
1777194000062,5.353e-07,-0.0004957174
1777197600065,4.3145e-06,-0.0004654838
1777201200018,9.6345e-06,-0.0004229239
1777204800009,7.3445e-06,-0.0004412436
1777208400066,2.655e-06,-0.0004787604
1777212000016,6.038e-07,-0.0004951693
1777215600039,7.3093e-06,-0.0004415257
1777219200066,7.106e-07,-0.0004943154
1777222800052,7.622e-07,-0.0004939026
1777226400024,7.0518e-06,-0.0004435859
1777230000056,4.5948e-06,-0.0004632413
1777233600017,8.1528e-06,-0.0004347772
1777237200054,5.8032e-06,-0.0004535742
1777240800047,2.6561e-06,-0.0004787515
1777244400060,6.081e-07,-0.000495135
1777248000023,4.0103e-06,-0.0004679177
1777251600035,7.825e-06,-0.0004374001
1777255200052,6.1473e-06,-0.0004508213
1777258800072,1.2478e-06,-0.000490018
1777262400041,-1.6428e-06,-0.0005131424
1777266000055,-2.9354e-06,-0.0005234831
1777269600007,9.2603e-06,-0.0004259179
1777273200017,1.25e-05,-0.0003758059
1777276800012,9.002e-06,-0.0004279844
1777280400041,7.2833e-06,-0.0004417333
1777284000013,1.1172e-05,-0.0004106237
1777287600115,8.6461e-06,-0.000430831
1777291200058,1.25e-05,-0.0003989203
1777294800020,1.25e-05,-0.0003853237
1777298400028,3.4716e-06,-0.000472227
1777302000022,5.3998e-06,-0.0004568015
1777305600036,8.4627e-06,-0.0004322985
1777309200033,4.4239e-06,-0.0004646084
1777312800033,3.4319e-06,-0.0004725449
1777316400021,5.495e-06,-0.0004560401
1777320000008,-1.4166e-06,-0.0005113325
1777323600011,-8.0466e-06,-0.0005643731
1777327200064,-9.2056e-06,-0.0005736449
1777330800012,-1.124e-06,-0.0005089919
1777334400035,-1.0881e-06,-0.000508705
1777338000003,-7.1606e-06,-0.0005572846
1777341600051,-1.01968e-05,-0.0005815747
1777345200044,-5.4281e-06,-0.0005434245
1777348800007,-2.6243e-06,-0.0005209945
1777352400034,-1.7682e-06,-0.0005141458
1777356000029,-3.6477e-06,-0.0005291817
1777359600063,-4.3761e-06,-0.0005350088
1777363200019,-1.32948e-05,-0.0006063583
1777366800032,-6.9104e-06,-0.0005552834
1777370400023,-1.43761e-05,-0.0006150088
1777374000007,-1.38067e-05,-0.0006104533
1777377600016,-1.18926e-05,-0.0005951404
1777381200077,-8.701e-07,-0.000506961
1777384800058,-1.92e-08,-0.000500154
1777388400063,3.7749e-06,-0.0004698011
1777392000007,2.67e-08,-0.0004997865
1777395600070,4.1195e-06,-0.0004670442
1777399200055,4.4779e-06,-0.0004641765
1777402800060,3.0207e-06,-0.0004758345
1777406400031,5.6686e-06,-0.000454651
1777410000052,6.7457e-06,-0.0004460343
1777413600027,6.0014e-06,-0.0004519887
1777417200042,3.9179e-06,-0.0004686565
1777420800003,3.2327e-06,-0.0004741383
1777424400025,3.3007e-06,-0.0004735945
1777428000000,9.372e-07,-0.0004925028
1777431600009,-9.3058e-06,-0.0005744465
1777435200032,-5.0917e-06,-0.0005407334
1777438800046,-6.487e-06,-0.0005518962
1777442400001,-1.1054e-05,-0.0005884322
1777446000063,-9.7464e-06,-0.0005779716
1777449600030,-9.5054e-06,-0.0005760435
1777453200042,-1.47919e-05,-0.0006183351
1777456800016,-7.9623e-06,-0.000563698
1777460400024,-1.66331e-05,-0.0006330648
1777464000054,-1.25314e-05,-0.0006002513
1777467600053,-1.14954e-05,-0.0005919631
1777471200029,-8.7559e-06,-0.000570047
1777474800047,5.5932e-06,-0.0004552545
1777478400067,3.2908e-06,-0.0004736738
1777482000001,3.1086e-06,-0.0004751315
1777485600043,5.0997e-06,-0.0004592025
1777489200048,1.23142e-05,-0.0004014862
1777492800001,9.2697e-06,-0.0004258426
1777496400052,9.5956e-06,-0.000423235
1777500000002,5.9297e-06,-0.0004525622
1777503600061,-6.6458e-06,-0.0005531667
1777507200020,-1.08545e-05,-0.0005868362
1777510800019,-5.1244e-06,-0.0005409954
1777514400044,2.4361e-06,-0.0004805112
1777518000073,-5.767e-06,-0.0005461364
1777521600059,-8.246e-06,-0.0005659679
1777525200030,-9.0129e-06,-0.0005721033
1777528800060,2.3548e-06,-0.0004811619
1777532400057,1.62e-06,-0.0004870403
1777536000072,1.15238e-05,-0.0004078099
1777539600041,1.16101e-05,-0.0004071189
1777543200040,-3.029e-07,-0.0005024234
1777546800009,-6.1245e-06,-0.0005489963
1777550400065,-7.3776e-06,-0.0005590206
1777554000045,-3.7274e-06,-0.0005298192
1777557600004,-6.7416e-06,-0.0005539325
1777561200033,-1.07591e-05,-0.0005860731
1777564800003,9.84e-08,-0.0004992127
1777568400029,-1.08569e-05,-0.000586855
1777572000025,-8.7976e-06,-0.0005703809
1777575600030,-4.2398e-06,-0.0005339188
1777579200048,-4.1576e-06,-0.0005332611
1777582800009,-9.7388e-06,-0.0005779107
1777586400010,-1.19657e-05,-0.0005957257
1777590000005,-1.54515e-05,-0.0006236124
1777593600045,-8.6543e-06,-0.0005692341
1777597200040,-8.5919e-06,-0.0005687349
1777600800073,-6.5515e-06,-0.0005524122
1777604400003,-1.22214e-05,-0.0005977711
1777608000097,-1.06129e-05,-0.0005849034
1777611600029,-8.5227e-06,-0.0005681815
1777615200052,-7.15e-08,-0.0005005717
1777618800028,-4.4707e-06,-0.0005357652
1777622400049,5.068e-07,-0.0004959455
1777626000046,1.3802e-06,-0.0004889584
1777629600063,-5.7948e-06,-0.0005463581
1777633200046,-3.8601e-06,-0.0005308807
1777636800012,2.4091e-06,-0.0004807269
1777640400028,2.6167e-06,-0.000479066
1777644000051,-5.4708e-06,-0.0005437668
1777647600002,-2.2769e-06,-0.0005182154
1777651200055,-7.963e-06,-0.0005637042
1777654800055,-1.24216e-05,-0.0005993729
1777658400043,-9.082e-06,-0.0005726562
1777662000031,-9.4825e-06,-0.0005758598
1777665600011,-7.5953e-06,-0.0005607621
1777669200059,-1.21606e-05,-0.0005972849
1777672800054,-1.40194e-05,-0.0006121551
1777676400002,-1.62659e-05,-0.0006301271
1777680000010,-1.27207e-05,-0.0006017658
1777683600070,-7.2342e-06,-0.0005578739
1777687200056,-5.6858e-06,-0.0005454862
1777690800038,-7.0227e-06,-0.0005561815
1777694400019,-1.9129e-06,-0.0005153029
1777698000004,-3.5117e-06,-0.0005280934
1777701600040,-1.28657e-05,-0.0006029257
1777705200044,-4.6017e-06,-0.0005368137
1777708800031,6.1381e-06,-0.0004508949
1777712400002,5.626e-06,-0.0004549923
1777716000010,-1.0802e-06,-0.0005086414
1777719600041,-2.8316e-06,-0.000522653
1777723200048,-1.5557e-06,-0.0005124455
1777726800017,2.4668e-06,-0.000480266
1777730400025,6.827e-07,-0.0004945385
1777734000021,-3.889e-06,-0.0005311123
1777737600033,-3.912e-07,-0.0005031299
1777741200048,-2.081e-06,-0.000516648
1777744800025,-2.3529e-06,-0.0005188235
1777748400038,1.9205e-06,-0.000484636
1777752000064,1.07283e-05,-0.0004141735
1777755600020,7.7272e-06,-0.0004381822
1777759200000,9.23e-06,-0.0004261602
1777762800067,8.9491e-06,-0.000428407
1777766400049,1.13842e-05,-0.0004089262
1777770000025,1.03e-05,-0.0004176002
1777773600016,6.9687e-06,-0.0004442502
1777777200053,9.547e-07,-0.0004923624
1777780800034,4.8385e-06,-0.000461292
1777784400010,3.122e-07,-0.0004975023
1777788000024,4.673e-07,-0.0004962617
1777791600004,-5.505e-07,-0.0005044036
1777795200037,5.0517e-06,-0.0004595863
1777798800018,8.7945e-06,-0.0004296439
1777802400038,1.25e-05,-0.000392324
1777806000052,4.1431e-06,-0.0004668552
1777809600047,5.9225e-06,-0.0004526198
1777813200005,3.9716e-06,-0.0004682268
1777816800027,8.1589e-06,-0.0004347285
1777820400059,9.938e-06,-0.000420496
1777824000054,5.9954e-06,-0.0004520369
1777827600044,9.5109e-06,-0.0004239131
1777831200060,1.25e-05,-0.000378473
1777834800014,2.7895e-06,-0.0004776843
1777838400040,5.4428e-06,-0.0004564575
1777842000037,1.06337e-05,-0.0004149303
1777845600024,1.17005e-05,-0.0004063961
1777849200039,8.1008e-06,-0.0004351937
1777852800030,-1.5458e-06,-0.0005123661
1777856400063,2.6322e-06,-0.0004789424
1777860000059,5.354e-06,-0.0004571679
1777863600012,2.4323e-06,-0.0004805416
1777867200014,-1.85e-06,-0.0005148002
1777870800025,-1.01708e-05,-0.0005813664
1777874400035,-8.1725e-06,-0.0005653796
1777878000001,-8.4629e-06,-0.000567703
1777881600065,-7.121e-07,-0.0005056972
1777885200015,2.9908e-06,-0.0004760735
1777888800011,3.1452e-06,-0.0004748381
1777892400065,4.7913e-06,-0.0004616694
1777896000066,3.137e-06,-0.0004749041
1777899600032,6.4108e-06,-0.0004487133
1777903200079,2.8133e-06,-0.0004774937
1777906800062,3.3074e-06,-0.0004735407
1777910400030,-7.4756e-06,-0.0005598044
1777914000041,-8.6374e-06,-0.0005690995
1777917600053,-1.4091e-05,-0.0006127278
1777921200037,-1.55014e-05,-0.0006240114
1777924800060,-9.1766e-06,-0.0005734125
1777928400052,-1.67224e-05,-0.0006337793
1777932000075,-5.3649e-06,-0.0005429188
1777935600055,-6.8027e-06,-0.0005544214
1777939200021,-1.32818e-05,-0.0006062541
1777942800040,-9.071e-06,-0.0005725678
1777946400044,-3.7253e-06,-0.0005298028
1777950000039,-3.9228e-06,-0.0005313826
1777953600016,-6.521e-07,-0.0005052165
1777957200057,1.7407e-06,-0.0004860748
1777960800006,2.5697e-06,-0.0004794427
1777964400052,-6.1987e-06,-0.0005495894
1777968000055,7.4186e-06,-0.0004406515
1777971600016,5.2941e-06,-0.0004576468
1777975200002,7.8924e-06,-0.0004368607
1777978800054,1.25e-05,-0.0003657294
1777982400025,1.25e-05,-0.0003682697
1777986000065,1.25e-05,-0.0003892674
1777989600022,1.25e-05,-0.0003750067
1777993200017,7.8288e-06,-0.0004373692
1777996800028,6.6353e-06,-0.0004469175
1778000400003,-1.7766e-06,-0.0005142129
1778004000061,9.6091e-06,-0.0004231275
1778007600036,9.2567e-06,-0.000425946
1778011200001,5.2501e-06,-0.0004579995
1778014800044,2.2706e-06,-0.0004818349
1778018400066,1.5171e-06,-0.0004878632
1778022000056,-3.4166e-06,-0.0005273329
1778025600026,-2.1595e-06,-0.0005172762
1778029200002,5.4737e-06,-0.0004562101
1778032800010,7.5586e-06,-0.0004395314
1778036400061,3.6771e-06,-0.0004705833
1778040000067,9.8715e-06,-0.0004210279
1778043600011,6.6866e-06,-0.0004465068
1778047200051,6.2725e-06,-0.0004498203
1778050800046,1.25e-05,-0.0003202894
1778054400014,1.25e-05,-0.000319534
1778058000029,1.25e-05,-0.0002601216
1778061600058,1.25e-05,-0.0003784224
1778065200012,1.25e-05,-0.0003919934
1778068800046,1.25e-05,-0.0003963346
1778072400027,9.1057e-06,-0.000427154
1778076000062,1.25e-05,-0.0003969646
1778079600012,1.25e-05,-0.0002946929
1778083200063,1.25e-05,-0.0003050042
1778086800019,1.25e-05,-0.0003669211
1778090400065,4.5611e-06,-0.0004635113
1778094000068,4.7024e-06,-0.0004623809
1778097600077,8.9554e-06,-0.0004283571
1778101200026,1.10661e-05,-0.0004114715
1778104800045,1.11553e-05,-0.0004107573
1778108400000,1.5736e-06,-0.0004874115
1778112000059,1.0824e-05,-0.0004134077
1778115600065,3.1512e-06,-0.0004747908
1778119200043,9.1257e-06,-0.0004269948
1778122800030,6.3751e-06,-0.0004489991
1778126400026,2.5518e-06,-0.0004795853
1778130000051,5.6172e-06,-0.0004550623
1778133600013,2.0828e-06,-0.0004833374
1778137200061,7.0447e-06,-0.000443642
1778140800060,-9.9e-08,-0.0005007922
1778144400013,-4.7868e-06,-0.0005382946
1778148000020,-8.1379e-06,-0.0005651036
1778151600037,3.0121e-06,-0.000475903
1778155200009,4.6777e-06,-0.000462578
1778158800041,1.05195e-05,-0.0004158436
1778162400079,4.9756e-06,-0.0004601955
1778166000021,9.5045e-06,-0.000423964
1778169600044,1.25e-05,-0.0003483509
1778173200070,1.25e-05,-0.0003098643
1778176800001,1.25e-05,-0.0002107465
1778180400025,1.25e-05,-0.0001920383
1778184000029,1.25e-05,-0.0002994042
1778187600026,1.19111e-05,-0.0004047111
1778191200025,1.25e-05,-0.00038722
1778194800057,1.25e-05,-0.0003205962
1778198400069,1.25e-05,-0.0002660307
1778202000002,1.25e-05,-0.0003466129
1778205600026,1.25e-05,-0.0003845564
1778209200048,1.25e-05,-0.0003558069
1778212800023,1.25e-05,-0.00032641
1778216400023,1.25e-05,-0.0003979022
1778220000012,1.25e-05,-0.0003624093
1778223600012,1.25e-05,-0.0003648195
1778227200002,1.25e-05,-0.0003094141
1778230800038,1.25e-05,-0.0002369731
1778234400074,1.25e-05,-0.0003469084
1778238000003,1.25e-05,-0.0003449766
1778241600055,1.7726e-06,-0.0004858191
1778245200029,5.338e-06,-0.0004572962
1778248800050,1.16814e-05,-0.0004065489
1778252400064,1.25e-05,-0.0003921234
1778256000018,4.1508e-06,-0.0004667936
1778259600053,-1.6897e-06,-0.0005135174
1778263200064,1.25e-05,-0.0003994215
1778266800038,1.17283e-05,-0.0004061733
1778270400043,1.23143e-05,-0.0004014853
1778274000041,1.25e-05,-0.0003590253
1778277600054,1.08928e-05,-0.0004128579
1778281200009,1.25e-05,-0.0003711375
1778284800000,2.008e-06,-0.0004839363
1778288400009,7.4556e-06,-0.0004403553
1778292000018,1.25e-05,-0.0003561923
1778295600006,1.25e-05,-0.0003048449
1778299200003,1.25e-05,-0.00033026
1778302800047,1.25e-05,-0.0003898993
1778306400038,1.25e-05,-0.0003020241
1778310000036,1.25e-05,-0.0003550557
1778313600024,7.6588e-06,-0.0004387295
1778317200062,1.25e-05,-0.0003981578
1778320800026,4.5403e-06,-0.0004636776
1778324400050,-3.576e-06,-0.0005286078
1778328000059,-4.6747e-06,-0.0005373977
1778331600000,-5.512e-06,-0.0005440961
1778335200040,-5.498e-07,-0.0005043981
1778338800053,1.3741e-06,-0.0004890068
1778342400017,1.6485e-06,-0.0004868121
1778346000001,-7.3878e-06,-0.0005591028
1778349600017,-5.9184e-06,-0.0005473475
1778353200018,-6.6263e-06,-0.0005530105
1778356800068,-2.3483e-06,-0.0005187864
1778360400051,-5.6011e-06,-0.0005448091
1778364000008,-3.1322e-06,-0.0005250573
1778367600025,-8.5359e-06,-0.0005682869
1778371200032,-2.8119e-06,-0.0005224948
1778374800048,9.8312e-06,-0.0004213506
1778378400005,6.7765e-06,-0.0004457881
1778382000065,1.25e-05,-0.0003984046
1778385600039,1.25e-05,-0.0003886849
1778389200002,1.07694e-05,-0.0004138447
1778392800045,8.2464e-06,-0.0004340286
1778396400044,3.2515e-06,-0.0004739881
1778400000015,7.6449e-06,-0.0004388409
1778403600013,1.25e-05,-0.0003470788
1778407200065,1.25e-05,-0.0003226266
1778410800000,1.25e-05,-0.0002965111
1778414400050,1.25e-05,-0.000262337
1778418000020,1.25e-05,-0.000274964
1778421600012,1.25e-05,-0.0002873779
1778425200019,1.25e-05,-0.0003333877
1778428800019,7.143e-06,-0.0004428562
1778432400006,-4.3195e-06,-0.0005345559
1778436000007,-2.526e-07,-0.0005020209
1778439600038,-1.44456e-05,-0.0006155651
1778443200068,-7.8364e-06,-0.0005626912
1778446800002,-9.8017e-06,-0.0005784137
1778450400042,-7.4146e-06,-0.0005593166
1778454000083,-7.0402e-06,-0.0005563212
1778457600028,-1.05134e-05,-0.0005841069
1778461200001,-3.1931e-06,-0.0005255451
1778464800074,1.23147e-05,-0.0004014827
1778468400051,1.14273e-05,-0.0004085815
1778472000063,1.25e-05,-0.0003629552
1778475600064,1.25e-05,-0.0002197618
1778479200017,1.25e-05,-0.0002592487
1778482800034,1.25e-05,-0.0002742886
1778486400079,1.25e-05,-0.0003007206
1778490000051,1.25e-05,-0.0003166211
1778493600007,1.25e-05,-0.0002749029
1778497200059,1.25e-05,-0.0003413522
1778500800038,1.25e-05,-0.0003498355
1778504400052,1.09212e-05,-0.0004126308
1778508000014,5.3955e-06,-0.0004568362
1778511600033,3.5367e-06,-0.0004717064
1778515200025,1.4768e-06,-0.0004881855
1778518800005,-7.9383e-06,-0.0005635066
1778522400015,-6.8107e-06,-0.0005544852
1778526000033,-1.71154e-05,-0.0006369234
1778529600044,-1.13319e-05,-0.0005906555
1778533200034,-1.01097e-05,-0.0005808774
1778536800039,-3.9111e-06,-0.0005312885
1778540400005,2.547e-07,-0.000497962
1778544000040,3.67e-07,-0.0004970641
1778547600019,-5.59e-07,-0.0005044717
1778551200065,8.4883e-06,-0.0004320937
1778554800018,1.25e-05,-0.0003996059
1778558400027,5.8877e-06,-0.0004528986
1778562000020,1.25e-05,-0.0003135807
1778565600058,1.25e-05,-0.0003300447
1778569200008,1.25e-05,-0.0003507178
1778572800010,1.25e-05,-0.0003846657
1778576400005,1.25e-05,-0.0003680409
1778580000036,9.3534e-06,-0.0004251728
1778583600001,9.6926e-06,-0.0004224588
1778587200020,1.13842e-05,-0.0004089266
1778590800033,1.25e-05,-0.0003779175
1778594400005,1.25e-05,-0.0003703888
1778598000008,7.3834e-06,-0.0004409328
1778601600023,7.724e-06,-0.0004382078
1778605200037,1.19116e-05,-0.0004047069
1778608800037,7.9866e-06,-0.0004361074
1778612400061,8.7734e-06,-0.0004298128
1778616000021,7.7228e-06,-0.0004382179
1778619600063,3.7511e-06,-0.0004699912
1778623200054,5.701e-06,-0.0004543924
1778626800054,6.0822e-06,-0.0004513421
1778630400016,1.901e-06,-0.000484792
1778634000036,3.8092e-06,-0.0004695262
1778637600050,3.7046e-06,-0.000470363
1778641200058,4.097e-06,-0.0004672239
1778644800066,1.25e-05,-0.000395719
1778648400005,1.25e-05,-0.0003652117
1778652000016,1.25e-05,-0.0003965941
1778655600003,2.6995e-06,-0.0004784036
1778659200046,2.7501e-06,-0.0004779994
1778662800025,1.05647e-05,-0.0004154823
1778666400006,1.08062e-05,-0.0004135502
1778670000013,2.3807e-06,-0.0004809545
1778673600048,-5.9884e-06,-0.0005479075
1778677200052,-5.6247e-06,-0.0005449977
1778680800024,-2.9943e-06,-0.000523954
1778684400005,1.05952e-05,-0.0004152386
1778688000041,1.01684e-05,-0.000418653
1778691600031,1.25e-05,-0.0002573455
1778695200014,1.25e-05,-0.0002554482
1778698800037,1.25e-05,-0.000326661
1778702400043,1.25e-05,-0.0003903477
1778706000045,1.25e-05,-0.0003950381
1778709600004,7.45e-07,-0.0004940398
1778713200051,9.6563e-06,-0.0004227494
1778716800062,8.6851e-06,-0.0004305195
1778720400013,1.11347e-05,-0.0004109222
1778724000012,6.977e-06,-0.0004441844
1778727600011,1.25e-05,-0.0003946325
1778731200047,-1.9439e-06,-0.0005155515
1778734800013,3.8674e-06,-0.0004690609
1778738400014,5.1534e-06,-0.0004587726
1778742000043,1.6045e-06,-0.0004871639
1778745600035,-3.1763e-06,-0.0005254105
1778749200066,4.484e-07,-0.0004964125
1778752800000,6.1818e-06,-0.0004505454
1778756400034,1.67e-06,-0.0004866402
1778760000001,-1.32295e-05,-0.0006058361
1778763600032,2.7875e-06,-0.0004777002
1778767200002,5.5032e-06,-0.0004559741
1778770800003,1.25e-05,-0.000349678
1778774400047,9.097e-07,-0.0004927226
1778778000043,-1.07705e-05,-0.0005861639
1778781600066,-1.30133e-05,-0.0006041061
1778785200050,-1.04595e-05,-0.0005836759
1778788800004,-1.76938e-05,-0.00064155
1778792400042,-1.71239e-05,-0.0006369911
1778796000026,-8.724e-06,-0.0005697917
1778799600062,-2.223e-06,-0.0005177842
1778803200071,-1.16656e-05,-0.0005933245
1778806800009,-1.7085e-06,-0.0005136682
1778810400030,1.6748e-06,-0.0004866018
1778814000043,9.13e-07,-0.0004926963
1778817600003,3.6117e-06,-0.0004711065
1778821200001,-3.0418e-06,-0.0005243342
1778824800044,4.868e-06,-0.0004610563
1778828400034,5.1995e-06,-0.0004584038
1778832000064,6.0314e-06,-0.0004517487
1778835600005,1.9684e-06,-0.0004842524
1778839200060,-1.5214e-06,-0.0005121715
1778842800038,1.1098e-06,-0.000491122
1778846400064,5.9182e-06,-0.0004526542
1778850000023,-4.4227e-06,-0.0005353817
1778853600006,-4.626e-06,-0.0005370081
1778857200044,1.09929e-05,-0.0004120571
1778860800007,1.2419e-05,-0.0004006477
1778864400060,1.03105e-05,-0.0004175157
1778868000019,3.6121e-06,-0.0004711036
1778871600018,8.2589e-06,-0.0004339292
1778875200015,1.8629e-06,-0.0004850969
1778878800028,-3.4619e-06,-0.0005276949
1778882400049,-1.37826e-05,-0.0006102606
1778886000060,-1.16883e-05,-0.0005935061
1778889600027,-7.8744e-06,-0.0005629949
1778893200021,-4.9133e-06,-0.0005393061
1778896800038,-9.8897e-06,-0.0005791177
1778900400011,-8.912e-06,-0.0005712963
1778904000008,-6.7341e-06,-0.0005538727
1778907600023,-9.381e-06,-0.0005750477
1778911200064,-6.7382e-06,-0.0005539058
1778914800006,-1.33929e-05,-0.0006071432
1778918400011,-2.16245e-05,-0.0006729957
1778922000078,-2.06877e-05,-0.0006655016
1778925600062,-2.43061e-05,-0.0006944485
1778929200002,-2.28456e-05,-0.000682765
1778932800005,-1.95953e-05,-0.0006567627
1778936400061,-1.3076e-05,-0.0006046082
1778940000057,-9.6171e-06,-0.0005769368
1778943600025,-1.3189e-06,-0.0005105513
1778947200094,2.1944e-06,-0.0004824444
1778950800048,4.4934e-06,-0.0004640528
1778954400018,2.1793e-06,-0.0004825658
1778958000075,1.9731e-06,-0.000484215
1778961600048,5.9049e-06,-0.0004527606
1778965200049,3.817e-07,-0.0004969466
1778968800029,4.8083e-06,-0.0004615333
1778972400023,5.147e-06,-0.0004588239
1778976000019,-2.4795e-06,-0.0005198358
1778979600017,-5.01e-07,-0.0005040081
1778983200062,-1.79e-08,-0.0005001433
1778986800038,1.3011e-06,-0.0004895913
1778990400049,1.6434e-06,-0.0004868525
1778994000018,2.7262e-06,-0.0004781904
1778997600056,6.9489e-06,-0.0004444088
1779001200051,-5.5421e-06,-0.0005443368
1779004800048,1.4527e-06,-0.0004883782
1779008400010,-7.9861e-06,-0.000563889
1779012000039,1.874e-06,-0.0004850082
1779015600016,3.135e-06,-0.0004749203
1779019200014,-4.7477e-06,-0.0005379815
1779022800031,-3.801e-07,-0.0005030409
1779026400058,-6.0663e-06,-0.0005485305
1779030000036,1.9548e-06,-0.0004843613
1779033600030,2.2584e-06,-0.0004819327
1779037200025,2.9588e-06,-0.0004763292
1779040800010,-3.5823e-06,-0.0005286588
1779044400032,-3.456e-07,-0.0005027646
1779048000020,6.7532e-06,-0.0004459748
1779051600040,6.9539e-06,-0.000444369
1779055200040,7.7603e-06,-0.000437918
1779058800035,4.3331e-06,-0.0004653356
1779062400029,9.2206e-06,-0.0004262351
1779066000063,8.9834e-06,-0.0004281327
1779069600013,1.02363e-05,-0.0004181094
1779073200036,3.8911e-06,-0.000468871
1779076800064,3.8548e-06,-0.0004691618
1779080400001,6.8438e-06,-0.0004452496
1779084000055,4.6614e-06,-0.000462709
1779087600056,3.2605e-06,-0.0004739164
1779091200006,8.384e-06,-0.0004329278
1779094800014,4.1522e-06,-0.0004667824
1779098400046,8.8751e-06,-0.000428999
1779102000036,6.47e-06,-0.0004482398
1779105600049,5.4767e-06,-0.0004561866
1779109200017,6.1083e-06,-0.000451134
1779112800012,2.2459e-06,-0.0004820328
1779116400010,1.20047e-05,-0.0004039627
1779120000018,1.25e-05,-0.0003135439
1779123600058,1.25e-05,-0.0003123766
1779127200004,1.25e-05,-0.0003134152
1779130800025,1.25e-05,-0.0003399426
1779134400028,1.25e-05,-0.0003454014
1779138000056,1.25e-05,-0.0003080062
1779141600030,1.25e-05,-0.0003397811
1779145200051,1.25e-05,-0.0002329258
1779148800076,1.25e-05,-0.0002762929
1779152400068,1.25e-05,-0.0001905378
1779156000015,1.25e-05,-0.0002807936
1779159600011,1.25e-05,-0.0003272434
1779163200005,1.25e-05,-0.0002971129
1779166800006,1.25e-05,-0.0002395872
1779170400005,1.25e-05,-0.0002598969
1779174000011,1.25e-05,-0.0002621765
1779177600002,1.25e-05,-0.0003093491
1779181200038,1.25e-05,-0.0003332616
1779184800119,1.25e-05,-0.0003814328
1779188400046,1.25e-05,-0.0003226321
1779192000006,1.25e-05,-0.0003717187
1779195600004,1.25e-05,-0.000319572
1779199200046,1.25e-05,-0.0002925752
1779202800024,1.25e-05,-0.0002306641
1779206400021,1.25e-05,-0.0002119228
1779210000012,1.25e-05,-0.0002520456
1779213600033,1.25e-05,-0.0003141207
1779217200016,1.25e-05,-0.0003117769
1779220800064,1.25e-05,-0.0003380323
1779224400051,1.25e-05,-0.0003267019
1779228000037,1.25e-05,-0.0003522868
1779231600001,1.25e-05,-0.0003408397
1779235200009,1.25e-05,-0.0003258333
1779238800030,1.25e-05,-0.0003520212
1779242400030,1.25e-05,-0.000353528
1779246000073,1.25e-05,-0.000368643
1779249600039,1.25e-05,-0.0003856361
1779253200020,1.25e-05,-0.000342025
1779256800034,1.25e-05,-0.0003801438
1779260400054,1.25e-05,-0.0003547807
1779264000081,1.25e-05,-0.0003605263
1779267600011,1.25e-05,-0.0003722529
1779271200027,1.25e-05,-0.0003206209
1779274800044,1.25e-05,-0.0003766007
1779278400039,1.25e-05,-0.0003675444
1779282000022,1.25e-05,-0.0003025933
1779285600022,1.25e-05,-0.0002896728
1779289200052,1.25e-05,-0.0002052663
1779292800041,1.25e-05,-0.0001792497
1779296400014,1.25e-05,-0.0001511273
1779300000030,1.25e-05,-0.0001574381
1779303600047,1.25e-05,-0.0002098819
1779307200014,1.25e-05,-0.0002338966
1779310800054,1.25e-05,-0.0001723139
1779314400084,1.25e-05,-0.0001367344
1779318000041,1.25e-05,-0.0002418506
1779321600086,1.25e-05,-0.0002224766
1779325200000,1.25e-05,-0.0001756679
1779328800020,1.25e-05,-0.0001521714
1779332400062,1.25e-05,-0.0001618132
1779336000053,1.25e-05,-0.0002016481
1779339600042,1.25e-05,-0.0002822211
1779343200049,1.25e-05,-0.0003563726
1779346800047,1.25e-05,-0.0003601477
1779350400055,8.3352e-06,-0.0004333182
1779354000023,8.7189e-06,-0.0004302491
1779357600064,1.23877e-05,-0.0004008982
1779361200033,1.25e-05,-0.0003995172
1779364800034,9.5863e-06,-0.0004233092
1779368400045,1.10729e-05,-0.0004114165
1779372000050,1.25e-05,-0.0003888666
1779375600017,1.25e-05,-0.0003989163
1779379200025,1.25e-05,-0.0003857559
1779382800000,6.5216e-06,-0.0004478273
1779386400024,3.6573e-06,-0.0004707412
1779390000021,6.9793e-06,-0.0004441657
1779393600036,5.4444e-06,-0.0004564451
1779397200011,1.051e-07,-0.0004991592
1779400800008,1.14263e-05,-0.0004085894
1779404400065,8.3784e-06,-0.000432973
1779408000060,1.25e-05,-0.0003929775
1779411600003,1.25e-05,-0.0003888235
1779415200021,9.7543e-06,-0.0004219656
1779418800022,4.1607e-06,-0.0004667143
1779422400017,4.5102e-06,-0.0004639184
1779426000023,4.351e-07,-0.0004965191
1779429600051,7.5861e-06,-0.0004393116
1779433200006,1.233e-07,-0.0004990137
1779436800011,-6.626e-07,-0.0005053006
1779440400045,8.5922e-06,-0.0004312627
1779444000026,7.7404e-06,-0.0004380765
1779447600051,1.25e-05,-0.0003723287
1779451200027,5.5984e-06,-0.0004552127
1779454800050,1.25e-05,-0.0003984292
1779458400017,1.20482e-05,-0.0004036141
1779462000066,1.25e-05,-0.0003970314
1779465600062,1.25e-05,-0.0003729086
1779469200029,1.25e-05,-0.0003474246
1779472800016,1.25e-05,-0.0003414353
1779476400007,1.25e-05,-0.0002801907
1779480000011,2.1655e-06,-0.0004826761
1779483600002,7.28e-06,-0.0004417597
1779487200000,5.9325e-06,-0.0004525399
1779490800031,3.502e-06,-0.0004719837
1779494400006,5.0002e-06,-0.0004599984
1779498000002,2.0787e-06,-0.0004833701
1779501600041,5.7291e-06,-0.0004541676
1779505200019,7.7506e-06,-0.0004379952
1779508800053,3.6089e-06,-0.0004711291
1779512400048,6.903e-07,-0.0004944774
1779516000036,-1.6118e-06,-0.0005128948
1779519600066,-2.1594e-06,-0.0005172752
1779523200034,-9.1124e-06,-0.0005728996
1779526800067,-2.08867e-05,-0.0006670939
1779530400023,-5.596e-06,-0.0005447677
1779534000030,-8.0568e-06,-0.0005644542
1779537600039,-9.846e-07,-0.0005078767
1779541200035,-4.5324e-06,-0.0005362593
1779544800062,-9.5338e-06,-0.0005762708
1779548400004,-7.6614e-06,-0.0005612911
1779552000017,-8.868e-06,-0.0005709438
1779555600014,-4.5889e-06,-0.0005367113
1779559200068,-1.1941e-05,-0.0005955278
1779562800020,-6.8243e-06,-0.0005545943
1779566400058,-1.2971e-06,-0.0005103771
1779570000077,1.01237e-05,-0.0004190103
1779573600025,4.1545e-06,-0.0004667638
1779577200064,-3.3882e-06,-0.0005271053
1779580800038,-5.611e-07,-0.0005044885
1779584400045,2.5762e-06,-0.0004793906
1779588000010,3.4245e-06,-0.0004726038
1779591600005,1.4553e-06,-0.0004883574
1779595200011,2.1793e-06,-0.0004825655
1779598800055,-3.6836e-06,-0.0005294686
1779602400049,-9.8541e-06,-0.0005788324
1779606000038,-3.3913e-06,-0.0005271307
1779609600034,-3.0861e-06,-0.0005246887
1779613200048,-4.881e-07,-0.0005039047
1779616800040,-8.406e-07,-0.0005067246
1779620400057,-3.0137e-06,-0.0005241096
1779624000043,-1.5775e-06,-0.0005126202
1779627600052,-1.70136e-05,-0.0006361092
1779631200052,-1.48339e-05,-0.0006186714
1779634800032,-2.71754e-05,-0.0007174028
1779638400024,-2.278e-05,-0.0006822402
1779642000003,-1.22377e-05,-0.0005979017
1779645600030,-9.8801e-06,-0.0005790408
1779649200041,-2.2394e-06,-0.000517915
1779652800000,-1.0739e-06,-0.0005085909
1779656400064,-7.9926e-06,-0.0005639408
1779660000015,-1.73874e-05,-0.0006390989
1779663600033,-8.2655e-06,-0.0005661243
1779667200025,-9.1668e-06,-0.0005733346
1779670800064,-1.44236e-05,-0.0006153887
1779674400016,-1.43348e-05,-0.0006146781
1779678000050,-1.02071e-05,-0.0005816566
1779681600031,-1.35135e-05,-0.0006081079
1779685200047,-8.0466e-06,-0.000564373
1779688800042,-1.31974e-05,-0.0006055794
1779692400052,-1.40893e-05,-0.0006127148
1779696000016,-5.7273e-06,-0.0005458181
1779699600028,-6.479e-06,-0.000551832
1779703200021,-7.09e-07,-0.000505672
1779706800006,-3.7622e-06,-0.0005300975
1779710400041,-5.7306e-06,-0.000545845
1779714000008,-7.398e-06,-0.0005591842
1779717600059,-5.9858e-06,-0.0005478863
1779721200007,1.7844e-06,-0.0004857249
1779724800039,-2.1913e-06,-0.0005175305
