"time","open","high","low","close","volume"
"1743465600000","1821.59","1842.57","1816.64","1834.25","473423.689"
"1743480000000","1834.25","1866.98","1831.23","1853.34","525037.726"
"1743494400000","1853.34","1891.42","1853.02","1861.48","903063.677"
"1743508800000","1861.49","1927.79","1841.2","1917.89","1789332.277"
"1743523200000","1917.89","1923.63","1900.53","1909.12","585488.092"
"1743537600000","1909.11","1921.98","1895.9","1904.21","395399.142"
"1743552000000","1904.21","1908.01","1871.31","1875.41","577615.724"
"1743566400000","1875.4","1882.31","1850.69","1864.07","756780.281"
"1743580800000","1864.06","1887.23","1861.61","1868.05","576873.633"
"1743595200000","1868.08","1918.0","1853.12","1900.09","1773371.715"
"1743609600000","1900.1","1915.28","1881.09","1910.56","760001.68"
"1743624000000","1910.59","1957.97","1780.52","1794.1","2635212.17"
"1743638400000","1794.11","1834.12","1787.9","1823.75","784321.875"
"1743652800000","1823.75","1844.97","1805.56","1814.52","569594.176"
"1743667200000","1814.51","1823.49","1786.14","1794.39","702746.642"
"1743681600000","1794.39","1799.82","1747.47","1781.42","1901206.21"
"1743696000000","1781.42","1798.57","1766.29","1786.53","737214.928"
"1743710400000","1786.5","1821.5","1778.64","1816.48","491284.518"
"1743724800000","1816.48","1822.69","1770.0","1792.13","745536.338"
"1743739200000","1792.13","1821.4","1783.08","1816.88","531862.172"
"1743753600000","1816.87","1834.7","1757.52","1783.16","1469835.729"
"1743768000000","1783.15","1820.18","1768.57","1794.47","1965960.639"
"1743782400000","1794.48","1828.71","1782.15","1809.02","1169114.734"
"1743796800000","1809.03","1827.99","1806.43","1815.97","338804.89"
"1743811200000","1815.97","1826.63","1808.27","1809.01","307874.561"
"1743825600000","1809.0","1815.0","1803.04","1812.4","223423.979"
"1743840000000","1812.39","1821.26","1805.55","1806.6","293918.17"
"1743854400000","1806.6","1807.61","1776.34","1781.1","708383.18"
"1743868800000","1781.1","1794.86","1778.66","1781.33","270821.538"
"1743883200000","1781.32","1809.3","1761.18","1805.15","554505.687"
"1743897600000","1805.14","1816.38","1800.87","1809.11","342406.912"
"1743912000000","1809.1","1812.6","1790.08","1796.84","281144.712"
"1743926400000","1796.85","1797.28","1782.01","1788.22","398400.869"
"1743940800000","1788.22","1791.1","1735.01","1758.8","1345342.037"
"1743955200000","1758.8","1759.21","1601.0","1625.22","3706815.32"
"1743969600000","1625.21","1630.45","1535.27","1579.98","3313932.915"
"1743984000000","1579.98","1613.51","1520.0","1542.79","2240648.744"
"1743998400000","1542.78","1561.0","1410.0","1459.52","4128035.462"
"1744012800000","1459.51","1520.75","1454.8","1482.34","2926446.072"
"1744027200000","1482.34","1638.47","1477.17","1555.54","5572723.272"
"1744041600000","1555.54","1572.11","1525.21","1544.56","1948786.181"
"1744056000000","1544.56","1584.58","1544.19","1552.44","815431.621"
"1744070400000","1552.44","1618.0","1540.19","1583.96","1181229.738"
"1744084800000","1583.95","1602.29","1560.86","1569.98","762719.837"
"1744099200000","1569.97","1589.48","1553.48","1587.56","798487.224"
"1744113600000","1587.57","1592.79","1517.12","1530.75","2315902.959"
"1744128000000","1530.75","1532.24","1453.46","1466.03","3023004.864"
"1744142400000","1466.07","1485.6","1441.62","1472.67","1116522.208"
"1744156800000","1472.68","1481.69","1384.0","1417.96","2791527.731"
"1744171200000","1417.96","1491.68","1414.0","1482.9","1853602.262"
"1744185600000","1482.89","1496.0","1444.0","1454.64","2120377.739"
"1744200000000","1454.64","1501.03","1439.03","1484.8","2591270.906"
"1744214400000","1484.79","1672.8","1481.15","1639.73","5455621.134"
"1744228800000","1639.73","1688.0","1639.73","1668.69","1304170.851"
"1744243200000","1668.7","1669.19","1601.0","1616.39","1273973.227"
"1744257600000","1616.39","1625.48","1582.5","1595.03","1060130.383"
"1744272000000","1595.03","1606.02","1580.5","1593.92","855212.641"
"1744286400000","1593.91","1627.61","1482.56","1495.0","3723353.846"
"1744300800000","1494.99","1531.74","1470.84","1513.67","2460720.447"
"1744315200000","1513.67","1533.0","1513.05","1521.57","571802.497"
"1744329600000","1521.56","1550.0","1503.63","1543.63","1189406.95"
"1744344000000","1543.63","1561.95","1540.1","1551.99","728688.675"
"1744358400000","1551.99","1585.18","1536.47","1557.93","1521498.39"
"1744372800000","1557.94","1580.78","1540.36","1564.79","1593556.336"
"1744387200000","1564.8","1590.88","1554.9","1564.84","917672.153"
"1744401600000","1564.83","1586.31","1556.4","1565.96","517260.182"
"1744416000000","1565.97","1569.16","1545.06","1553.61","539836.974"
"1744430400000","1553.61","1584.53","1549.51","1581.24","654101.941"
"1744444800000","1581.23","1605.71","1580.01","1593.21","736582.051"
"1744459200000","1593.22","1669.85","1589.79","1655.1","2130308.934"
"1744473600000","1655.09","1661.57","1627.42","1641.89","1037868.529"
"1744488000000","1641.9","1659.68","1640.35","1643.6","505815.558"
"1744502400000","1643.6","1649.2","1605.68","1623.6","841518.836"
"1744516800000","1623.6","1623.91","1596.21","1612.77","744463.53"
"1744531200000","1612.78","1627.45","1590.71","1603.62","789948.467"
"1744545600000","1603.61","1608.5","1565.11","1585.92","1257579.894"
"1744560000000","1585.92","1648.73","1559.4","1589.42","1825478.701"
"1744574400000","1589.42","1616.29","1571.03","1596.92","1036373.064"
"1744588800000","1596.93","1659.81","1594.73","1629.01","1227511.284"
"1744603200000","1629.01","1641.85","1611.51","1634.92","668501.508"
"1744617600000","1634.92","1691.57","1628.64","1674.63","1463883.102"
"1744632000000","1674.63","1689.27","1618.29","1626.96","1932797.485"
"1744646400000","1626.97","1650.8","1613.37","1635.92","1110666.16"
"1744660800000","1635.95","1637.35","1603.0","1623.02","568816.391"
"1744675200000","1623.02","1643.21","1613.65","1637.15","788829.251"
"1744689600000","1637.15","1648.0","1631.45","1644.18","482653.824"
"1744704000000","1644.18","1651.79","1621.32","1631.18","754097.451"
"1744718400000","1631.17","1660.68","1600.01","1620.12","1803551.904"
"1744732800000","1620.11","1627.19","1594.21","1606.17","783964.399"
"1744747200000","1606.17","1614.35","1582.14","1588.0","717000.749"
"1744761600000","1588.0","1603.81","1575.04","1590.02","764456.657"
"1744776000000","1590.03","1592.76","1550.0","1563.45","1185857.635"
"1744790400000","1563.44","1585.0","1555.72","1583.25","795586.966"
"1744804800000","1583.26","1614.95","1565.02","1589.91","1517926.075"
"1744819200000","1589.91","1612.36","1537.56","1588.16","2336959.978"
"1744833600000","1588.13","1598.01","1569.24","1576.58","621308.471"
"1744848000000","1576.57","1594.9","1574.0","1584.04","533161.53"
"1744862400000","1584.04","1609.9","1580.14","1600.99","576222.253"
"1744876800000","1600.99","1603.5","1587.69","1592.5","482812.693"
"1744891200000","1592.51","1602.76","1562.26","1582.42","1222967.991"
"1744905600000","1582.43","1616.81","1575.36","1580.4","1722278.691"
"1744920000000","1580.4","1591.0","1578.0","1582.84","405071.384"
"1744934400000","1582.84","1588.69","1576.21","1583.4","344118.38"
"1744948800000","1583.4","1584.49","1572.65","1583.45","379764.077"
"1744963200000","1583.46","1592.4","1581.34","1589.89","384028.046"
"1744977600000","1589.9","1596.63","1577.56","1582.27","560886.162"
"1744992000000","1582.28","1594.45","1580.95","1592.38","423029.653"
"1745006400000","1592.38","1600.0","1586.27","1587.91","308637.419"
"1745020800000","1587.91","1599.72","1584.01","1597.2","343811.216"
"1745035200000","1597.2","1613.0","1594.32","1600.27","488347.419"
"1745049600000","1600.28","1606.02","1593.23","1596.29","306148.028"
"1745064000000","1596.29","1612.0","1594.38","1606.59","462593.576"
"1745078400000","1606.6","1632.29","1597.76","1613.99","673583.795"
"1745092800000","1613.99","1622.11","1610.21","1612.44","229487.075"
"1745107200000","1612.45","1618.46","1607.2","1611.14","312363.415"
"1745121600000","1611.15","1617.0","1580.0","1596.62","585042.664"
"1745136000000","1596.63","1596.88","1564.69","1571.78","848913.21"
"1745150400000","1571.78","1583.39","1570.19","1572.8","516047.816"
"1745164800000","1572.8","1587.13","1570.45","1585.34","285611.444"
"1745179200000","1585.34","1600.0","1573.36","1586.56","552942.438"
"1745193600000","1586.57","1645.34","1585.28","1634.06","1670017.8"
"1745208000000","1634.06","1658.0","1630.4","1645.1","884262.679"
"1745222400000","1645.11","1654.64","1617.04","1625.66","858321.394"
"1745236800000","1625.66","1641.39","1607.63","1622.5","1516623.695"
"1745251200000","1622.5","1625.41","1560.62","1572.86","2068484.332"
"1745265600000","1572.86","1579.97","1570.01","1578.64","472368.454"
"1745280000000","1578.63","1593.23","1535.0","1578.21","1503216.179"
"1745294400000","1578.21","1623.5","1573.07","1618.6","1108463.74"
"1745308800000","1618.6","1638.0","1612.41","1630.14","1156134.698"
"1745323200000","1630.14","1725.93","1626.0","1702.41","3399957.543"
"1745337600000","1702.41","1710.0","1681.42","1697.54","1201729.974"
"1745352000000","1697.53","1779.02","1691.49","1755.57","1938167.321"
"1745366400000","1755.58","1807.36","1744.3","1794.51","1748752.815"
"1745380800000","1794.51","1817.98","1773.1","1791.27","1424392.821"
"1745395200000","1791.28","1812.04","1778.29","1796.74","1057307.676"
"1745409600000","1796.74","1838.0","1761.0","1793.7","2699639.526"
"1745424000000","1793.71","1809.6","1773.43","1785.44","1026256.555"
"1745438400000","1785.44","1806.28","1784.78","1794.46","353173.727"
"1745452800000","1794.45","1802.27","1765.52","1767.3","773066.615"
"1745467200000","1767.29","1775.71","1750.8","1755.61","758688.419"
"1745481600000","1755.6","1759.88","1721.22","1754.05","1321170.566"
"1745496000000","1754.04","1777.33","1743.12","1763.83","1152418.662"
"1745510400000","1763.83","1776.85","1745.09","1762.21","881755.193"
"1745524800000","1762.21","1774.17","1747.81","1768.8","360233.916"
"1745539200000","1768.79","1789.88","1737.4","1760.0","908000.423"
"1745553600000","1760.0","1781.23","1757.25","1776.38","577613.878"
"1745568000000","1776.39","1792.72","1763.08","1789.47","923294.946"
"1745582400000","1789.47","1826.91","1755.81","1805.7","2239999.361"
"1745596800000","1805.69","1809.81","1781.32","1801.45","909113.932"
"1745611200000","1801.45","1808.87","1783.0","1783.77","431087.636"
"1745625600000","1783.76","1815.05","1783.76","1796.51","709519.382"
"1745640000000","1796.5","1809.94","1788.01","1799.54","456016.896"
"1745654400000","1799.54","1841.49","1777.31","1784.73","1377154.319"
"1745668800000","1784.73","1803.94","1778.88","1799.39","671756.802"
"1745683200000","1799.38","1814.95","1795.0","1812.21","316852.466"
"1745697600000","1812.22","1830.78","1804.52","1820.0","434287.984"
"1745712000000","1819.99","1857.0","1800.0","1808.74","1269737.641"
"1745726400000","1808.74","1810.77","1788.88","1802.98","524391.024"
"1745740800000","1802.98","1814.99","1800.58","1805.04","363311.245"
"1745755200000","1805.03","1807.96","1780.25","1792.88","784329.967"
"1745769600000","1792.88","1807.77","1786.18","1806.95","307003.137"
"1745784000000","1806.95","1807.25","1783.1","1790.21","370782.592"
"1745798400000","1790.22","1793.25","1750.99","1783.25","1164418.072"
"1745812800000","1783.24","1811.82","1783.24","1803.95","667932.886"
"1745827200000","1803.95","1826.71","1787.1","1815.0","1060796.867"
"1745841600000","1815.0","1816.48","1751.42","1762.08","1529659.66"
"1745856000000","1762.08","1805.0","1742.15","1796.36","1306542.158"
"1745870400000","1796.35","1806.87","1780.24","1799.22","623379.044"
"1745884800000","1799.21","1810.92","1786.68","1801.26","627213.054"
"1745899200000","1801.26","1824.24","1787.37","1820.77","792123.184"
"1745913600000","1820.77","1842.82","1815.76","1828.9","1042093.467"
"1745928000000","1828.89","1832.58","1801.0","1814.21","1241440.926"
"1745942400000","1814.2","1831.49","1806.0","1820.92","717932.308"
"1745956800000","1820.92","1824.87","1779.36","1796.57","894515.506"
"1745971200000","1796.57","1812.48","1787.72","1808.19","573242.097"
"1745985600000","1808.18","1812.22","1790.0","1795.55","424863.455"
"1746000000000","1795.54","1816.0","1791.61","1814.79","544629.985"
"1746014400000","1814.79","1815.48","1730.6","1763.72","2614074.383"
"1746028800000","1763.72","1792.39","1755.02","1785.96","837128.774"
"1746043200000","1786.08","1809.19","1784.0","1792.71","632604.794"
"1746057600000","1792.71","1818.18","1791.55","1807.28","587418.818"
"1746072000000","1807.28","1816.77","1801.24","1809.74","400734.586"
"1746086400000","1809.74","1858.73","1807.74","1844.79","1437470.389"
"1746100800000","1844.79","1872.71","1823.47","1851.99","1789376.969"
"1746115200000","1852.0","1869.4","1838.08","1842.12","735528.169"
"1746129600000","1842.11","1850.45","1831.8","1837.19","410179.107"
"1746144000000","1837.18","1850.49","1834.06","1846.66","472225.233"
"1746158400000","1846.66","1850.86","1815.0","1815.3","775261.172"
"1746172800000","1815.29","1834.92","1812.0","1832.39","738231.839"
"1746187200000","1832.39","1853.58","1822.13","1840.21","1066632.348"
"1746201600000","1840.21","1871.06","1830.79","1838.78","1002260.931"
"1746216000000","1838.78","1847.23","1832.1","1841.22","275358.821"
"1746230400000","1841.22","1842.44","1825.52","1834.08","325492.804"
"1746244800000","1834.07","1838.55","1823.39","1825.58","317792.13"
"1746259200000","1825.58","1829.99","1816.23","1823.35","571769.933"
"1746273600000","1823.34","1839.27","1823.1","1833.51","429242.931"
"1746288000000","1833.51","1838.56","1807.75","1837.61","700161.621"
"1746302400000","1837.62","1848.0","1827.79","1832.55","457184.141"
"1746316800000","1832.55","1848.84","1825.28","1831.24","497884.745"
"1746331200000","1831.24","1849.53","1828.43","1840.24","489368.721"
"1746345600000","1840.24","1840.73","1820.75","1826.69","612670.707"
"1746360000000","1826.68","1833.07","1817.03","1829.63","405676.694"
"1746374400000","1829.64","1832.28","1821.06","1827.58","339285.093"
"1746388800000","1827.59","1841.76","1801.71","1807.87","710871.396"
"1746403200000","1807.87","1817.6","1780.02","1793.86","986733.206"
"1746417600000","1793.85","1829.07","1792.0","1825.74","627690.591"
"1746432000000","1825.73","1830.72","1797.0","1803.81","868144.459"
"1746446400000","1803.81","1814.86","1793.29","1800.14","844857.592"
"1746460800000","1800.14","1828.0","1799.86","1815.65","671849.243"
"1746475200000","1815.64","1832.98","1797.79","1819.43","642080.274"
"1746489600000","1819.43","1820.3","1791.57","1805.5","698535.993"
"1746504000000","1805.49","1808.55","1797.26","1805.0","302865.771"
"1746518400000","1804.99","1805.17","1755.71","1769.1","1150386.634"
"1746532800000","1769.09","1779.08","1750.0","1769.31","1198817.219"
"1746547200000","1769.31","1798.41","1761.0","1784.05","827534.324"
"1746561600000","1784.06","1818.62","1764.39","1816.22","1166051.619"
"1746576000000","1816.23","1850.0","1813.47","1825.6","1484206.235"
"1746590400000","1825.6","1837.85","1823.69","1837.26","407889.918"
"1746604800000","1837.27","1846.5","1829.47","1835.48","697828.821"
"1746619200000","1835.48","1836.2","1813.36","1816.73","864908.101"
"1746633600000","1816.72","1817.33","1786.0","1795.08","1577954.618"
"1746648000000","1795.07","1824.73","1788.0","1810.14","736420.27"
"1746662400000","1810.13","1907.45","1807.72","1900.5","1786283.565"
"1746676800000","1900.51","1944.0","1891.36","1927.8","1533788.488"
"1746691200000","1927.81","1968.29","1925.0","1956.65","1369546.365"
"1746705600000","1956.65","2075.1","1952.57","2050.56","3473067.062"
"1746720000000","2050.56","2140.21","2035.79","2117.59","2278690.005"
"1746734400000","2117.59","2227.0","2111.0","2206.54","2848796.238"
"1746748800000","2206.53","2244.9","2183.59","2204.56","1883887.846"
"1746763200000","2204.56","2393.67","2201.98","2363.81","2727001.302"
"1746777600000","2363.71","2490.75","2291.46","2350.76","5113067.854"
"1746792000000","2350.75","2388.12","2270.0","2300.55","2541569.629"
"1746806400000","2300.55","2355.0","2273.63","2330.69","1243862.334"
"1746820800000","2330.69","2351.16","2321.48","2344.3","415028.972"
"1746835200000","2344.31","2379.99","2315.09","2338.81","775367.261"
"1746849600000","2338.81","2416.5","2325.31","2399.17","1014233.591"
"1746864000000","2399.2","2435.0","2360.0","2383.75","1972913.729"
"1746878400000","2383.75","2449.99","2383.75","2432.38","1469863.634"
"1746892800000","2432.38","2512.0","2427.65","2498.35","2129419.275"
"1746907200000","2498.35","2600.76","2465.6","2581.91","1975957.257"
"1746921600000","2581.9","2608.0","2498.79","2536.31","1842655.844"
"1746936000000","2536.31","2561.68","2452.61","2472.61","1538673.347"
"1746950400000","2472.61","2534.8","2471.5","2529.36","1023280.318"
"1746964800000","2529.36","2530.92","2434.89","2461.22","1374239.317"
"1746979200000","2461.22","2524.38","2439.08","2506.99","1105701.773"
"1746993600000","2507.0","2527.71","2481.95","2513.48","609193.962"
"1747008000000","2513.48","2548.0","2490.0","2519.01","941674.729"
"1747022400000","2519.0","2624.84","2484.02","2553.44","2242797.017"
"1747036800000","2553.45","2585.05","2520.0","2529.34","1268458.744"
"1747051200000","2529.32","2575.6","2478.0","2485.94","2294695.345"
"1747065600000","2485.95","2511.94","2406.55","2459.29","1853110.156"
"1747080000000","2459.28","2499.34","2450.88","2494.16","596324.874"
"1747094400000","2494.16","2494.9","2414.36","2424.07","1055040.451"
"1747108800000","2424.06","2479.45","2418.84","2459.9","776859.755"
"1747123200000","2459.89","2524.97","2450.57","2512.26","965762.294"
"1747137600000","2512.25","2573.0","2490.13","2564.89","1893092.86"
"1747152000000","2564.88","2738.62","2558.61","2690.02","2769262.522"
"1747166400000","2690.02","2706.98","2653.0","2678.59","1236161.125"
"1747180800000","2678.58","2724.96","2620.8","2645.78","1641253.983"
"1747195200000","2645.79","2686.61","2635.06","2639.14","807221.596"
"1747209600000","2639.15","2644.71","2575.0","2624.16","1507824.985"
"1747224000000","2624.16","2634.52","2557.0","2596.28","1495860.917"
"1747238400000","2596.28","2616.82","2545.0","2603.85","1049260.687"
"1747252800000","2603.86","2612.88","2582.31","2608.74","412855.983"
"1747267200000","2608.75","2646.1","2565.9","2573.77","939751.872"
"1747281600000","2573.77","2595.73","2513.8","2529.6","1197722.104"
"1747296000000","2529.59","2566.39","2515.68","2553.81","1225654.523"
"1747310400000","2553.81","2578.99","2475.61","2562.9","2328139.242"
"1747324800000","2562.91","2603.52","2510.59","2529.77","1705724.372"
"1747339200000","2529.77","2563.61","2510.49","2547.75","718685.509"
"1747353600000","2547.76","2584.08","2533.15","2580.43","686310.721"
"1747368000000","2580.43","2619.39","2562.92","2600.5","817685.147"
"1747382400000","2600.51","2648.68","2556.65","2620.0","1458062.58"
"1747396800000","2620.0","2622.39","2572.3","2593.94","1187310.629"
"1747411200000","2593.93","2600.96","2568.27","2591.0","563810.618"
"1747425600000","2591.0","2591.88","2527.14","2535.72","801645.427"
"1747440000000","2535.71","2537.63","2450.62","2495.93","1792000.979"
"1747454400000","2495.92","2512.33","2473.53","2491.49","713657.089"
"1747468800000","2491.49","2495.06","2463.71","2480.54","625120.761"
"1747483200000","2480.55","2485.76","2442.65","2473.22","822248.107"
"1747497600000","2473.22","2488.0","2446.7","2468.9","654559.246"
"1747512000000","2468.9","2495.55","2451.28","2474.09","481277.838"
"1747526400000","2474.09","2486.78","2466.74","2476.19","331411.088"
"1747540800000","2476.18","2514.77","2476.18","2508.35","562307.567"
"1747555200000","2508.35","2527.85","2496.0","2500.49","557580.444"
"1747569600000","2500.49","2587.52","2486.65","2578.06","1379138.641"
"1747584000000","2578.07","2582.92","2402.0","2406.78","2642398.498"
"1747598400000","2406.78","2510.2","2312.62","2496.98","2606228.026"
"1747612800000","2496.98","2513.38","2378.02","2384.46","1799075.262"
"1747627200000","2384.46","2412.27","2346.99","2402.54","1602633.825"
"1747641600000","2402.53","2422.11","2389.0","2416.34","937674.513"
"1747656000000","2416.33","2473.0","2383.0","2465.59","1658874.566"
"1747670400000","2465.59","2546.97","2449.82","2517.67","2048794.518"
"1747684800000","2517.68","2534.09","2491.39","2526.87","825841.907"
"1747699200000","2526.87","2588.0","2509.52","2552.08","1477473.617"
"1747713600000","2552.08","2577.54","2520.66","2531.2","913343.332"
"1747728000000","2531.21","2539.0","2491.0","2513.32","887639.522"
"1747742400000","2513.32","2514.31","2463.0","2481.52","1339869.174"
"1747756800000","2481.52","2511.05","2438.39","2500.25","1342709.473"
"1747771200000","2500.25","2540.47","2483.5","2523.09","984928.514"
"1747785600000","2523.08","2553.5","2506.31","2543.77","780479.959"
"1747800000000","2543.76","2615.46","2533.03","2550.72","1630181.452"
"1747814400000","2550.72","2561.48","2513.21","2535.67","1087132.338"
"1747828800000","2535.67","2581.96","2520.49","2566.01","1596059.558"
"1747843200000","2566.01","2614.99","2450.72","2511.11","4283127.922"
"1747857600000","2511.1","2598.53","2482.45","2550.26","1223065.547"
"1747872000000","2550.26","2647.25","2543.37","2628.6","1480317.91"
"1747886400000","2628.59","2646.82","2601.65","2634.41","1239074.054"
"1747900800000","2634.41","2692.61","2626.41","2649.71","1589788.052"
"1747915200000","2649.72","2679.3","2618.59","2663.53","1316940.745"
"1747929600000","2663.54","2675.34","2625.28","2634.02","876865.881"
"1747944000000","2634.03","2665.0","2627.18","2663.72","482068.043"
"1747958400000","2663.72","2734.3","2643.76","2720.93","1570361.036"
"1747972800000","2720.93","2725.39","2650.01","2654.69","1300283.032"
"1747987200000","2654.69","2687.8","2550.0","2565.32","1833415.438"
"1748001600000","2565.32","2591.19","2497.0","2567.38","2423745.03"
"1748016000000","2567.37","2585.94","2545.12","2559.76","959181.098"
"1748030400000","2559.77","2561.62","2502.1","2525.39","974559.196"
"1748044800000","2525.38","2555.05","2513.97","2548.98","533556.357"
"1748059200000","2548.98","2562.33","2534.1","2545.79","469613.397"
"1748073600000","2545.78","2574.5","2543.81","2562.14","502514.348"
"1748088000000","2562.15","2564.37","2542.34","2554.32","470406.445"
"1748102400000","2554.32","2566.4","2542.23","2553.33","309487.14"
"1748116800000","2553.34","2555.47","2511.13","2529.27","466950.261"
"1748131200000","2529.27","2538.38","2473.36","2511.79","973247.946"
"1748145600000","2511.78","2517.66","2486.3","2493.38","384054.29"
"1748160000000","2493.38","2501.74","2457.6","2496.58","796703.684"
"1748174400000","2496.58","2524.99","2478.0","2510.47","838094.896"
"1748188800000","2510.47","2537.0","2495.0","2525.21","415021.708"
"1748203200000","2525.2","2553.0","2506.08","2550.03","629624.009"
"1748217600000","2550.03","2576.0","2535.0","2559.33","697788.792"
"1748232000000","2559.34","2598.6","2556.16","2579.71","683033.265"
"1748246400000","2579.7","2581.8","2552.47","2566.75","545725.204"
"1748260800000","2566.74","2573.62","2537.68","2565.0","697779.257"
"1748275200000","2565.0","2572.8","2521.29","2539.97","642992.323"
"1748289600000","2539.97","2584.74","2535.19","2562.43","483515.497"
"1748304000000","2562.42","2572.5","2508.0","2548.42","836329.354"
"1748318400000","2548.42","2619.61","2547.83","2606.95","1343275.09"
"1748332800000","2606.97","2654.1","2606.7","2651.98","1387295.484"
"1748347200000","2651.97","2683.76","2632.42","2667.46","1566938.64"
"1748361600000","2667.47","2711.8","2657.2","2686.84","1253647.962"
"1748376000000","2686.84","2693.63","2651.0","2659.84","553686.383"
"1748390400000","2659.83","2660.85","2617.0","2644.51","734773.316"
"1748404800000","2644.51","2651.87","2622.36","2635.35","463076.132"
"1748419200000","2635.36","2658.94","2606.0","2655.99","750489.82"
"1748433600000","2655.99","2689.13","2612.0","2626.17","1681717.068"
"1748448000000","2626.2","2664.0","2615.23","2616.61","785142.616"
"1748462400000","2616.61","2686.0","2610.01","2680.4","740934.455"
"1748476800000","2680.4","2788.88","2669.43","2762.05","1934120.835"
"1748491200000","2762.04","2766.66","2700.01","2730.0","1163696.032"
"1748505600000","2730.0","2744.0","2705.82","2714.84","866640.236"
"1748520000000","2714.84","2718.09","2620.26","2642.46","2061443.262"
"1748534400000","2642.46","2672.85","2627.34","2649.35","990275.507"
"1748548800000","2649.35","2667.97","2617.11","2630.3","572182.083"
"1748563200000","2630.3","2644.12","2556.0","2630.39","1473970.879"
"1748577600000","2630.39","2648.42","2605.83","2617.55","912386.829"
"1748592000000","2617.55","2627.09","2586.55","2620.69","833611.471"
"1748606400000","2620.7","2625.28","2571.17","2597.01","1368556.609"
"1748620800000","2597.01","2603.0","2530.0","2573.3","1392383.191"
"1748635200000","2573.3","2589.45","2503.37","2529.63","1003938.363"
"1748649600000","2529.62","2538.39","2474.0","2512.88","1322167.486"
"1748664000000","2512.88","2526.0","2503.4","2520.0","394921.322"
"1748678400000","2520.0","2537.97","2506.27","2518.6","477940.903"
"1748692800000","2518.6","2550.0","2515.34","2534.85","645857.187"
"1748707200000","2534.85","2546.49","2521.05","2536.48","304612.221"
"1748721600000","2536.47","2550.0","2523.32","2527.08","301330.216"
"1748736000000","2527.08","2529.67","2488.52","2512.14","597182.554"
"1748750400000","2512.13","2526.46","2504.58","2507.62","260989.816"
"1748764800000","2507.62","2509.7","2476.01","2496.32","578632.561"
"1748779200000","2496.32","2524.47","2465.0","2522.0","730401.961"
"1748793600000","2522.0","2547.0","2491.56","2525.11","884380.111"
"1748808000000","2525.1","2546.35","2518.19","2537.89","433284.726"
"1748822400000","2537.89","2540.89","2484.05","2495.12","661312.367"
"1748836800000","2495.11","2512.74","2482.0","2505.78","579570.941"
"1748851200000","2505.79","2515.0","2472.74","2480.03","763797.294"
"1748865600000","2480.02","2556.34","2477.0","2543.24","1458642.261"
"1748880000000","2543.25","2565.4","2522.88","2531.21","837300.82"
"1748894400000","2531.22","2614.2","2530.7","2606.48","974822.701"
"1748908800000","2606.49","2649.0","2588.05","2602.38","1386420.609"
"1748923200000","2602.38","2619.44","2588.88","2608.68","569501.463"
"1748937600000","2608.69","2619.52","2593.47","2600.21","505288.9"
"1748952000000","2600.21","2654.98","2596.36","2622.56","1348476.143"
"1748966400000","2622.55","2627.77","2601.76","2624.16","648206.732"
"1748980800000","2624.17","2624.46","2563.0","2592.16","734013.333"
"1748995200000","2592.16","2639.84","2582.41","2626.78","649446.742"
"1749009600000","2626.77","2644.17","2618.33","2626.31","578432.877"
"1749024000000","2626.32","2649.38","2623.0","2623.71","662755.204"
"1749038400000","2623.71","2679.64","2593.2","2666.91","1877192.48"
"1749052800000","2666.92","2668.29","2620.73","2622.36","811795.325"
"1749067200000","2622.36","2623.79","2596.95","2606.62","704964.905"
"1749081600000","2606.62","2631.68","2600.11","2624.0","465813.604"
"1749096000000","2624.01","2633.76","2600.0","2603.21","580779.233"
"1749110400000","2603.22","2612.68","2579.14","2606.64","660454.477"
"1749124800000","2606.63","2640.0","2560.01","2588.34","2165012.477"
"1749139200000","2588.35","2590.7","2506.0","2528.08","1793921.269"
"1749153600000","2528.08","2534.79","2390.0","2412.9","2826419.66"
"1749168000000","2412.9","2455.83","2379.62","2454.51","1153684.026"
"1749182400000","2454.5","2468.43","2445.49","2454.18","745714.121"
"1749196800000","2454.19","2492.03","2452.71","2474.93","815093.429"
"1749211200000","2474.93","2529.67","2465.66","2508.29","1649226.869"
"1749225600000","2508.28","2517.39","2482.21","2483.04","681493.984"
"1749240000000","2483.04","2506.44","2471.51","2475.38","373807.114"
"1749254400000","2475.38","2492.79","2455.85","2487.99","562304.031"
"1749268800000","2487.99","2501.15","2478.75","2490.21","436170.86"
"1749283200000","2490.21","2500.88","2480.25","2494.22","295912.887"
"1749297600000","2494.23","2522.91","2491.28","2518.5","616927.623"
"1749312000000","2518.5","2524.9","2505.61","2515.78","397391.702"
"1749326400000","2515.78","2545.0","2515.78","2523.4","384207.658"
"1749340800000","2523.41","2525.0","2507.25","2510.66","304361.554"
"1749355200000","2510.66","2519.03","2507.25","2513.45","195997.002"
"1749369600000","2513.46","2520.19","2483.28","2512.29","585488.919"
"1749384000000","2512.29","2527.26","2498.68","2513.39","475955.891"
"1749398400000","2513.38","2539.68","2511.48","2531.53","417830.619"
"1749412800000","2531.54","2548.02","2497.41","2508.32","653318.554"
"1749427200000","2508.31","2510.64","2480.4","2495.55","592287.74"
"1749441600000","2495.55","2495.74","2475.83","2490.67","395793.047"
"1749456000000","2490.67","2546.98","2483.03","2540.74","1177500.484"
"1749470400000","2540.75","2547.97","2507.98","2532.98","970683.284"
"1749484800000","2532.98","2589.33","2532.66","2579.45","1032215.72"
"1749499200000","2579.46","2693.2","2574.54","2679.12","1404063.031"
"1749513600000","2679.13","2726.83","2674.44","2688.26","1363440.805"
"1749528000000","2688.26","2699.0","2655.0","2676.67","941983.645"
"1749542400000","2676.67","2798.72","2669.01","2772.99","1670367.354"
"1749556800000","2772.99","2778.5","2688.53","2731.83","2220486.109"
"1749571200000","2731.84","2807.0","2727.05","2772.87","1329132.35"
"1749585600000","2772.87","2827.0","2731.02","2815.74","1304747.252"
"1749600000000","2815.74","2834.23","2771.14","2790.21","938015.8"
"1749614400000","2790.21","2803.61","2778.8","2790.86","470951.583"
"1749628800000","2790.86","2792.84","2753.01","2771.82","737858.849"
"1749643200000","2771.82","2879.0","2762.88","2864.01","2768039.315"
"1749657600000","2864.0","2874.98","2800.59","2811.94","1796803.452"
"1749672000000","2811.93","2830.0","2742.57","2770.34","1202209.57"
"1749686400000","2770.35","2783.9","2745.01","2763.99","870750.517"
"1749700800000","2764.0","2775.75","2729.13","2739.45","769350.68"
"1749715200000","2739.45","2760.94","2718.46","2728.76","908970.378"
"1749729600000","2728.76","2772.52","2710.78","2718.25","1597660.237"
"1749744000000","2718.24","2769.97","2690.01","2693.13","1386161.237"
"1749758400000","2693.12","2702.38","2614.24","2641.38","1873001.218"
"1749772800000","2641.38","2644.32","2433.8","2513.0","4910049.086"
"1749787200000","2513.0","2541.11","2490.78","2525.13","1278994.741"
"1749801600000","2525.14","2544.87","2505.35","2543.93","1188597.489"
"1749816000000","2543.93","2562.57","2502.65","2550.26","1939511.167"
"1749830400000","2550.26","2585.0","2508.7","2526.33","1349970.638"
"1749844800000","2526.33","2582.16","2523.08","2578.09","498759.875"
"1749859200000","2578.1","2578.18","2545.83","2547.74","488953.082"
"1749873600000","2547.73","2555.45","2524.08","2535.82","434102.986"
"1749888000000","2535.82","2538.7","2517.33","2537.0","485412.365"
"1749902400000","2537.01","2545.4","2503.3","2518.22","639512.902"
"1749916800000","2518.21","2525.07","2486.68","2506.31","999816.853"
"1749931200000","2506.36","2539.16","2495.4","2529.66","517526.195"
"1749945600000","2529.66","2539.9","2523.78","2529.05","289312.42"
"1749960000000","2529.04","2552.23","2521.01","2527.33","636118.28"
"1749974400000","2527.32","2528.96","2507.38","2515.19","456376.615"
"1749988800000","2515.19","2555.0","2514.79","2540.79","789067.656"
"1750003200000","2540.8","2559.76","2528.54","2535.94","490790.656"
"1750017600000","2535.94","2549.42","2490.38","2546.32","836516.063"
"1750032000000","2546.32","2578.0","2513.38","2567.6","931639.038"
"1750046400000","2567.6","2637.7","2565.37","2627.71","1245019.081"
"1750060800000","2627.72","2633.15","2591.62","2615.81","831117.756"
"1750075200000","2615.8","2656.51","2603.34","2630.86","1211839.078"
"1750089600000","2630.86","2668.9","2626.26","2659.2","771364.382"
"1750104000000","2659.22","2680.0","2533.1","2543.12","2110670.661"
"1750118400000","2543.11","2617.74","2524.0","2606.39","1643928.047"
"1750132800000","2606.39","2609.69","2569.0","2581.13","692237.722"
"1750147200000","2581.13","2584.37","2540.65","2551.25","780338.905"
"1750161600000","2551.26","2567.39","2480.0","2497.75","1936684.116"
"1750176000000","2497.76","2542.71","2451.97","2527.09","2072872.872"
"1750190400000","2527.09","2533.83","2491.0","2508.99","878059.326"
"1750204800000","2508.99","2535.31","2505.0","2526.87","561438.504"
"1750219200000","2526.88","2545.1","2516.4","2532.33","525376.414"
"1750233600000","2532.33","2547.35","2487.45","2512.59","1052630.235"
"1750248000000","2512.6","2537.99","2465.0","2507.84","2115706.575"
"1750262400000","2507.84","2520.09","2465.0","2491.24","1679946.788"
"1750276800000","2491.25","2536.75","2481.5","2523.49","758607.152"
"1750291200000","2523.5","2546.29","2505.52","2524.36","624508.847"
"1750305600000","2524.35","2530.17","2513.01","2517.56","345035.785"
"1750320000000","2517.56","2544.0","2517.55","2530.62","538241.729"
"1750334400000","2530.61","2536.38","2488.76","2491.89","921652.562"
"1750348800000","2491.88","2523.48","2483.58","2503.76","729587.211"
"1750363200000","2503.77","2531.85","2501.59","2520.18","507720.547"
"1750377600000","2520.17","2530.58","2511.18","2516.16","386590.064"
"1750392000000","2516.16","2552.0","2502.44","2548.6","790265.848"
"1750406400000","2548.6","2568.56","2540.0","2548.68","1012530.739"
"1750420800000","2548.68","2558.63","2486.0","2492.46","1685818.916"
"1750435200000","2492.47","2495.1","2363.88","2413.62","2960595.651"
"1750449600000","2413.62","2437.2","2380.0","2405.42","888370.569"
"1750464000000","2405.43","2431.44","2394.66","2424.33","529288.672"
"1750478400000","2424.34","2427.25","2417.59","2425.63","274576.529"
"1750492800000","2425.63","2447.96","2422.08","2441.43","587247.643"
"1750507200000","2441.43","2444.1","2410.89","2422.37","787741.515"
"1750521600000","2422.36","2427.39","2381.0","2384.02","855670.816"
"1750536000000","2384.02","2408.1","2213.07","2294.63","3313256.274"
"1750550400000","2294.64","2312.96","2243.19","2263.49","2193010.09"
"1750564800000","2263.5","2297.4","2260.59","2269.74","745492.225"
"1750579200000","2269.74","2279.08","2233.34","2272.0","1138897.715"
"1750593600000","2272.0","2286.64","2155.1","2173.91","3824236.271"
"1750608000000","2173.9","2219.11","2169.42","2182.96","1163775.32"
"1750622400000","2182.97","2236.0","2111.0","2226.33","1911014.757"
"1750636800000","2226.33","2259.37","2221.0","2233.89","780063.519"
"1750651200000","2233.9","2277.77","2226.76","2257.5","914424.114"
"1750665600000","2257.51","2273.47","2237.34","2252.16","657693.554"
"1750680000000","2252.17","2317.0","2231.02","2247.17","2217435.913"
"1750694400000","2247.16","2325.38","2187.01","2311.57","3035881.317"
"1750708800000","2311.61","2440.0","2302.27","2410.39","2514103.62"
"1750723200000","2410.4","2416.83","2388.05","2397.66","940167.174"
"1750737600000","2397.66","2434.1","2390.0","2391.79","971566.814"
"1750752000000","2391.78","2450.0","2374.9","2408.3","1457561.532"
"1750766400000","2408.3","2455.98","2401.46","2437.0","1354130.236"
"1750780800000","2437.0","2481.28","2416.0","2432.91","1553818.886"
"1750795200000","2432.9","2448.82","2428.94","2447.58","395365.33"
"1750809600000","2447.58","2467.84","2435.29","2442.85","618629.814"
"1750824000000","2442.85","2449.93","2422.77","2443.45","561567.204"
"1750838400000","2443.44","2447.61","2405.06","2427.96","963725.948"
"1750852800000","2427.93","2445.87","2388.23","2404.48","1704481.503"
"1750867200000","2404.48","2438.75","2400.22","2431.8","664699.186"
"1750881600000","2431.79","2455.27","2406.69","2417.28","487021.558"
"1750896000000","2417.28","2520.0","2415.68","2487.95","1384813.557"
"1750910400000","2487.95","2499.85","2465.74","2489.0","648672.753"
"1750924800000","2489.01","2499.65","2438.0","2449.23","888554.803"
"1750939200000","2449.23","2458.93","2408.01","2432.0","1525301.187"
"1750953600000","2432.0","2443.09","2416.63","2434.52","549742.962"
"1750968000000","2434.51","2456.58","2392.12","2414.54","707909.25"
"1750982400000","2414.59","2447.89","2377.0","2445.83","785672.789"
"1750996800000","2445.84","2458.88","2433.33","2441.19","623010.328"
"1751011200000","2441.2","2463.38","2433.99","2446.26","612862.63"
"1751025600000","2446.27","2456.33","2412.5","2437.61","1017373.521"
"1751040000000","2437.61","2448.69","2387.01","2411.72","985773.859"
"1751054400000","2411.72","2429.0","2410.5","2422.06","350789.367"
"1751068800000","2422.07","2423.06","2404.75","2419.7","281932.459"
"1751083200000","2419.7","2433.0","2416.52","2430.55","249389.724"
"1751097600000","2430.55","2431.25","2418.29","2426.26","224421.488"
"1751112000000","2426.26","2443.99","2418.75","2435.08","250438.725"
"1751126400000","2435.09","2447.42","2430.5","2432.38","359274.969"
"1751140800000","2432.38","2441.37","2425.8","2434.8","168454.394"
"1751155200000","2434.8","2441.68","2423.12","2426.85","199560.091"
"1751169600000","2426.84","2439.6","2425.57","2439.58","173700.524"
"1751184000000","2439.58","2463.96","2437.05","2460.82","587466.365"
"1751198400000","2460.81","2462.14","2431.7","2435.36","497284.17"
"1751212800000","2435.36","2441.71","2428.0","2436.81","283148.046"
"1751227200000","2436.8","2524.41","2406.45","2499.25","1325636.004"
"1751241600000","2499.25","2523.43","2494.18","2498.42","660423.78"
"1751256000000","2498.43","2504.81","2453.94","2479.63","882527.342"
"1751270400000","2479.63","2485.84","2445.2","2457.19","783903.016"
"1751284800000","2457.19","2488.12","2431.87","2473.54","1355948.586"
"1751299200000","2473.54","2517.49","2460.05","2514.78","980605.854"
"1751313600000","2514.78","2521.59","2481.15","2484.3","509078.127"
"1751328000000","2484.3","2499.6","2476.24","2484.36","416594.462"
"1751342400000","2484.37","2484.7","2443.88","2464.02","834084.799"
"1751356800000","2464.02","2464.02","2441.14","2448.14","465079.976"
"1751371200000","2448.13","2455.3","2405.05","2422.49","1442880.685"
"1751385600000","2422.49","2433.24","2400.0","2401.45","670882.473"
"1751400000000","2401.45","2417.43","2383.33","2403.65","676653.635"
"1751414400000","2403.66","2431.51","2367.53","2429.23","755580.925"
"1751428800000","2429.22","2453.53","2424.13","2445.75","667585.557"
"1751443200000","2445.76","2460.0","2440.32","2444.53","570139.751"
"1751457600000","2444.53","2502.97","2430.42","2497.74","1332986.591"
"1751472000000","2497.73","2607.36","2494.04","2603.65","2430964.502"
"1751486400000","2603.64","2618.2","2568.09","2569.37","851809.443"
"1751500800000","2569.37","2586.15","2555.25","2560.22","604326.811"
"1751515200000","2560.21","2604.84","2558.27","2599.24","706792.152"
"1751529600000","2599.24","2616.0","2580.24","2596.25","836532.847"
"1751544000000","2596.25","2635.0","2563.77","2569.14","2209363.396"
"1751558400000","2569.14","2591.31","2563.75","2584.63","600760.674"
"1751572800000","2584.63","2602.76","2584.1","2590.17","310981.364"
"1751587200000","2590.18","2601.96","2570.07","2576.66","432892.138"
"1751601600000","2576.67","2584.01","2528.0","2533.85","1036995.167"
"1751616000000","2533.85","2558.0","2525.77","2548.01","709906.332"
"1751630400000","2548.01","2554.84","2494.42","2499.61","1434107.509"
"1751644800000","2499.61","2502.66","2473.07","2481.59","952063.317"
"1751659200000","2481.59","2519.6","2480.2","2506.86","467707.257"
"1751673600000","2506.87","2523.94","2496.79","2517.3","337655.931"
"1751688000000","2517.3","2528.86","2511.32","2520.35","300295.253"
"1751702400000","2520.36","2524.73","2507.65","2516.82","309522.531"
"1751716800000","2516.82","2520.96","2503.71","2506.88","319743.532"
"1751731200000","2506.88","2512.29","2486.31","2504.41","504716.31"
"1751745600000","2504.4","2521.74","2497.0","2515.25","239879.454"
